id,character,skeletal_element,anatomical_region,character_type,multistate_type,character_designation,character_significance,uberon_ID,description,number_of_states,state_code,taxa_found,notes
001,Projection of nasal bones above frontomaxillary suture,Frontal,Cranial,Discrete,Unordered,,,UBERON:0000209,The projection of nasal bones above frontomaxillary suture.,3,Tapered (0); Expanded (1); Not projected (2),,"Traits from Strait, 1997;2004 & Dembo, 2015. Descriptions from Dembo, 2015"
002,Inferior orbital margin rounded laterally,Orbit,Cranial,Discrete,Unordered,,,UBERON:0001697,The morphology of inferior margin of the orbit as being either rounded laterally or not rounded. ,2,No (0); Yes (1),,"Traits from Strait, 1997;2004 & Dembo, 2015. Descriptions from Dembo, 2015"
003,Infraorbital foramen location,Orbit,Cranial,Continuous,Unordered,,,UBERON:0001697,"The ratio of the distances between orbitale and the foramen, and orbitale and the root of the zygoma.",2,High (0); Low (1),,"Traits from Strait, 1997;2004 & Dembo, 2015. Descriptions from Dembo, 2015"
004,Anterior pillars,Maxilla,Craniofacial,Discrete,Unordered,,,UBERON:0002397,The presence of anterior pillars.,2,Absent (0); Present (1),,"Traits from Strait, 1997;2004 & Dembo, 2015. Descriptions from Dembo, 2015; Asfaw et al. 1999"
005,Nasoalveolar clivus contour in coronal plane,Maxilla,Craniofacial,Discrete,Ordered,,,UBERON:0002397,The contour of nasoalveolar clivus in coronal plane.,3,Convex (0); Straight (1); Concave (2),,"Traits from Strait, 1997;2004 & Dembo, 2015. Descriptions from Dembo, 2015; Asfaw et al. 1999"
006,Nasal cavity entrance,Nasal,Craniofacial,Discrete,Unordered,,,UBERON:0001681,The contour of the nasal cavity entrance.,2,Stepped (0); Smooth (1),,"Traits from Strait, 1997;2004 & Dembo, 2015. Descriptions from Dembo, 2015"
007,Anterior projection of zygomatic bone relative to piriform aperture (dishing),Zygomatic,Craniofacial,Discrete,Ordered,,,UBERON:0001683,The position of the infraorbital plate of the zygoma relative to the piriform aperture.,3,Posterior (0); Intermediate (1); Anterior (2),,"Traits from Strait, 1997;2004 & Dembo, 2015. Descriptions from Dembo, 2015"
008,Masseteric position relative to sellion,Mandible,Cranial,Discrete,Unordered,,,UBERON:0001684,The distance from the articular eminence to the zygomatic tubercle expressed as a percentage of the horizontal distance between the articular eminence and sellion.,2,Anterior (0); Posterior (1),,"Traits from Strait, 1997;2004 & Dembo, 2015. Descriptions from Dembo, 2015"
009,Cranial capacity,Brain,Cranial,Continuous,Ordered,Both,Diagnostic,UBERON:0000955,Cranial capacity in cubic centimeters. (Small<500; Intermediate=500-680; Medium=750-875; Large=900-1200; Very large>1300),4,Small (0); Intermediate (1); Medium (2); Large (3); Very large (4),,"Traits from Strait, 1997;2004 & Dembo, 2015. Descriptions from Dembo, 2015; Berger 2010"
010,Cerebellar morphology,Brain,Cranial,Discrete,Unordered,,,UBERON:0000955,The position of cerebellum relative to the cerebrum.,2,Lateral flare with posterior protrusion (0); Tucked (1),,"Traits from Strait, 1997;2004 & Dembo, 2015. Descriptions from Dembo, 2015"
011,O-M sinus present in high frequency,Maxilla,Craniofacial,Discrete,,,,UBERON:0002397,,,,,"Traits from Strait, 1997;2004 & Dembo, 2015. Descriptions from Dembo, 2015"
012,Anteromedial incursion of the superior temporal lines,Temporal,Cranial,Discrete,Ordered,Both,Diagnostic,UBERON:0001678,The course of the superior temporal line bewteen frontomalaretemporale and the point of maximum inflection on the line as it turns from being medially directed to posteriorly directed.,3,Weak (0); Moderate (1); Strong (2),,"Traits from Strait, 1997;2004 & Dembo, 2015. Descriptions from Dembo, 2015, Berger et al. 2010"
013,Asterionic notch,Vault,Cranial,Discrete,Unordered,,,UBERON:0004339,The presence of an asterionic notch.,2,Absent (0); Present (1),,"Traits from Strait, 1997;2004 & Dembo, 2015. Descriptions from Dembo, 2015"
014,Parietal overlap of occipital at asterion,Parietal,Cranial,Discrete,Unordered,,,UBERON:0000210,"The presence of an overlap of temporal, parietal and occipital bones at asterion.",2,Absent (0); Present (1),,"Traits from Strait, 1997;2004 & Dembo, 2015. Descriptions from Dembo, 2015"
015,Postorbital constriction,Parietal,Cranial,Continuous,Ordered,Both,Diagnostic,UBERON:0000210,The index of minimum frontal breadth to superior facial breadth (bi-frontomalaretemporale). (Marked constriction<0.65; Moderate constriction=0.65-0.77; Slight constriction>0.77).,2,Marked (0); Moderate (1); Slight (2),,"Traits from Strait, 1997;2004 & Dembo, 2015. Descriptions from Dembo, 2015"
016,Pneumatization of temporal squama,Temporal,Cranial,Discrete,Unordered,,,UBERON:0001678,The extent of the pneumatic tracts relative to the squamosal suture. Pneumatization extends beyond squamosal suture leading to a thickening of the squamous temporal (squamous antrum) = extensive. Absence of antrum = not extensive,2,Extensive (0); Reduced (1),,"Traits from Strait, 1997;2004 & Dembo, 2015. Descriptions from Dembo, 2015"
017,Facial hafting,Face ,Craniofacial,Discrete,Unordered,,,UBERON:0001456,"The position of the face relative to the neurocranium, assessed by comparing the position of the supraorbital relative to the bregma.",2,Low (0); High (1),,"Traits from Strait, 1997;2004 & Dembo, 2015. Descriptions from Dembo, 2015"
018,Supraglenoid gutter width,Temporal,Cranial,Continuous,Unordered,,,UBERON:0001678,The maximum distance from the temporal squame at the anterior end of the root of the zygomatic process to the most lateral point at that location. (Wide>25mm; Narrow<25).,2,Narrow (0); Wide (1),,"Traits from Strait, 1997;2004 & Dembo, 2015. Descriptions from Dembo, 2015"
019,Petrous orientation,Temporal,Cranial,Continuous,Ordered,,,UBERON:0001678,The orientation of the petrous. The angle is measured relative to the bitympanic line. (Coronal<50 degrees; Intermediate=50-60; Sagittal>60).,3,Sagittal (0); Intermediate (1); Coronal (2),,"Traits from Strait, 1997;2004 & Dembo, 2015. Descriptions from Dembo, 2015"
020,Origin of digastric muscle,,Cranial,Discrete,,,,,,,,,"Traits from Strait, 1997;2004 & Dembo, 2015. Descriptions from Dembo, 2015"
021,Mandibular cross-sectional area at M1,Mandible,Dental,Continuous,Unordered,,,UBERON:0001684,The geometric mean of the area of the corpus at M1. The area is caculated as an ellipse and the square root of area was then used to assess the character. (Small<25.5mm sq; Large>25.5mm sq).,2,Small (0); Large (1),,"Traits from Strait, 1997;2004 & Dembo, 2015. Descriptions from Dembo, 2015"
022,Hollowing above and behind mental foramen,Mandible,Cranial,Discrete,Unordered,,,UBERON:0001684,The presence of a hollowing contour of the lateral face of the mandibular corpus above and behind the mental foramen.,2,Present (0); Absent (1),,"Traits from Strait, 1997;2004 & Dembo, 2015. Descriptions from Dembo, 2015"
023,Mandibular deciduous canine shape,Mandible,Dental,Discrete,Unordered,,,UBERON:0001684,"The mesiodistal disposition of the apex, the height of mesial crown convexity and the height of the mesial end of the lingual cingulum.",2,"Apex central, mesial convexity low (0); Apex mesial, mesial convexity high (1)",,"Traits from Strait, 1997;2004 & Dembo, 2015. Descriptions from Dembo, 2015"
024,Incisal reduction,Incisor,Dental,Discrete,Ordered,Both,Diagnostic,UBERON:0001098,The summed mediodistal means of the I1 and I2.,3,Not reduced (0); Moderate (1); Reduced (2),,"Traits from Strait, 1997;2004 & Dembo, 2015. Descriptions from Dembo, 2015"
025,Premolar crown area,Premolar,Dental,Discrete,Ordered,,,UBERON:0007120,,,,,"Traits from Strait, 1997;2004"
026,Molar crown area,Molar,Dental,Discrete,Ordered,,,UBERON:0003655,,,,,"Traits from Strait, 1997;2004"
027,dM1 mesial crown profile,Molar,Dental,Discrete,Unordered,,,UBERON:0003655,"This character comprises several inter-related traits. These are: the position of the protoconid relative to the metaconid, the disposition of the mesial marginal ridge, and the structure of the fovea anterior.",3,"MMR absent, protoconid anterior, fovea open (0); MMR slight, protoconid anterior, fovea open (1); MMR thick, protoconid even with metaconid, fovea closed (2)",,"Traits from Strait, 1997;2004 & Dembo, 2015. Descriptions from Dembo, 2015"
028,Distal marginal ridge of dM2,Molar,Dental,Discrete,Unordered,,,UBERON:0003655,The development of the distal marginal ridge of deciduous second molar.,2,Low (0); High (1),,"Traits from Strait, 1997;2004 & Dembo, 2015. Descriptions from Dembo, 2015"
029,Separation of molar and premolar cusp apices,Mandible,Dental,Discrete,,,,UBERON:0001684,,,,,"Traits from Strait, 1997;2004 & Dembo, 2015. Descriptions from Dembo, 2015"
030,Frequency of well developed P3,Premolar,Dental,Discrete,Ordered,,,UBERON:0007120,,,,,"Traits from Strait, 1997;2004 & Dembo, 2015. Descriptions from Dembo, 2015"
031,Mesiobuccal protrusion of P3 crown base,Premolar,Dental,Discrete,Ordered,,,UBERON:0007120,The degree of overall asymmetry of the crown of maxillary and mandibular P3.,3,Strong (0); Moderate (1); Weak or absent (2),,"Traits from Strait, 1997;2004 & Dembo, 2015. Descriptions from Dembo, 2015"
032,Orientation of mandibular premolar row (dental arcade shape),Mandible,Dental,Discrete,Unordered,,,UBERON:0001684,The orientation of the dental arcade measured as the ratio between the internal bialveolar margin distances at mandibular canine and M2 positions.,2,U shaped (0); Parabolic (1),,"Traits from Strait, 1997;2004 & Dembo, 2015. Descriptions from Dembo, 2015"
033,Parietal tuber,Parietal,Cranial,Discrete,Unordered,,,UBERON:0000210,The presence of a parietal tuber or eminence.,2,,,"Traits from Strait, 1997;2004 & Dembo, 2015. Descriptions from Dembo, 2015"
034,Parietomastoid angle,Parietal,Dental,Discrete,Unordered,,,UBERON:0000210,,,,,"Traits from Strait, 1997;2004 & Dembo, 2015. Descriptions from Dembo, 2015"
035,External auditory meatus size,Temporal,Cranial,Discrete,Unordered,,,UBERON:0001678,The size of external auditory meatus.,2,Small (0); Large (1),,"Traits from Strait, 1997;2004 & Dembo, 2015. Descriptions from Dembo, 2015"
036,Separation of mandibular tooth rows,Mandible,Dental,Discrete,Unordered,,,UBERON:0001684,,,,,"Traits from Strait, 1997;2004 & Dembo, 2015. Descriptions from Dembo, 2015"
037,Configuration of the superior orbital fissure,Orbit,Cranial,Discrete,Unordered,,,UBERON:0001697,The width of the dental arcade.,2,Widely separated (0); Narrow separation (1),,"Traits from Strait, 1997;2004 & Dembo, 2015. Descriptions from Dembo, 2015"
038,Size of Longus capitis insertion,Occipital,Cranial,Discrete,Unordered,,,UBERON:0001676,,,,,"Traits from Strait, 1997;2004 & Dembo, 2015. Descriptions from Dembo, 2015"
039,Height of articular eminence above occlusal plane,,Dental,Discrete,,,,,,,,,"Traits from Strait, 1997;2004 & Dembo, 2015. Descriptions from Dembo, 2015"
040,Extensive mesial groove on upper canine,Canine,Dental,Discrete,Unordered,,,UBERON:0018583,,,,,"Traits from Strait, 1997;2004 & Dembo, 2015. Descriptions from Dembo, 2015"
041,Depth of subarcuate fossa,Temporal,Cranial,Discrete,Ordered,,,UBERON:0001678,,,,,"Traits from Strait, 1997;2004 & Dembo, 2015. Descriptions from Dembo, 2015"
042,Orientation and length of the post-incisive planum,Mandible,Cranial,Discrete,Unordered,,,UBERON:0001684,,,,,"Traits from Strait, 1997;2004 & Dembo, 2015. Descriptions from Dembo, 2015"
043,Distinctiveness of angular process of mandible,Mandible,Cranial,Discrete,Unordered,,,UBERON:0001684,The development of the angular process.,2,Distinct with posterior projection (0); Not distinct (1),,"Traits from Strait, 1997;2004 & Dembo, 2015. Descriptions from Dembo, 2015"
044,Axis of ear bones,Temporal,Cranial,Discrete,Unordered,,,UBERON:0001678,The angle of the axis of ear bones.,2,Right angle or more (0); Acute angle (1),,"Traits from Strait, 1997;2004 & Dembo, 2015. Descriptions from Dembo, 2015"
045,Area of inner ear,Temporal,Cranial,Continuous,Unordered,,,UBERON:0001678,The area of inner ear. (Low<50mm sq; Higher>50 mm sq),2,Low (0); Higher (1),,"Traits from Strait, 1997;2004 & Dembo, 2015. Descriptions from Dembo, 2015"
046,Presence/absence of frontal sinus,Frontal,Cranial,Discrete,Unordered,,,UBERON:0000209,,,,,"Traits from Strait, 1997;2004 & Dembo, 2015. Descriptions from Dembo, 2015"
047,Position of infraorbital foramen relative to orbit,Orbit,Cranial,Discrete,Unordered,,,UBERON:0001697,The position of the infraorbital foramen relative to the zygomaxillary suture.,2,Foramen beneath middle third of orbital breadth (0); Foramen beneath medial third of orbital breadth (1),,"Traits from Strait, 1997;2004 & Dembo, 2015. Descriptions from Dembo, 2015"
048,Glabellar prominence relative to sella,,Cranial,Discrete,,,,UBERON:0001683,,,,,"Traits from Strait, 1997;2004 & Dembo, 2015. Descriptions from Dembo, 2015"
049,Supraorbital expression,Orbit,Cranial,Discrete,Unordered,Taxonomic,Diagnostic,UBERON:0001697,Prominence of brow ridge,2,Absent (0); Present (1) ,,Dart 1925
050,Supraorbital contour,Orbit,Craniofacial,Discrete,Unordered,,,UBERON:0001697,The contour of the supraorbital region.,2,Less arched (0); Arched (1),,"Traits from Strait, 1997;2004 & Dembo, 2015. Descriptions from Dembo, 2015"
051,Position of zygomatic foramina,Zygomatic,Craniofacial,Discrete,Unordered,,,UBERON:0001683,The position of the zytomatic foramina relative to the plane of the orbital rim.,2,At or below plane of orbital rim (0); Above plane of orbital rim (1),,"Traits from Strait, 1997;2004 & Dembo, 2015. Descriptions from Dembo, 2015"
052,Patency of premaxillary suture in adults from frontal view,Maxilla,Craniofacial,Discrete,Unordered,,,UBERON:0002397,The presence of premaxillary suture in adults.,3,Patent (0); Obliterated (1); Trace (2),,"Traits from Strait, 1997;2004 & Dembo, 2015. Descriptions from Dembo, 2015"
053,Petrous apex ossified beyond spheno-occipital synchondrosis,Occipital,Cranial,Discrete,Unordered,,,UBERON:0001676,The degree of ossification of the petrous apex.,2,Not ossified (0); Ossified with projection (1),,"Traits from Strait, 1997;2004 & Dembo, 2015. Descriptions from Dembo, 2015"
054,I2 similar in shape to I1,Incisor,Dental,Discrete,Unordered,,,UBERON:0001098,,,,,"Traits from Strait, 1997;2004 & Dembo, 2015. Descriptions from Dembo, 2015"
055,Basal keel of lower canine,Canine,Dental,Discrete,Ordered,,,UBERON:0018583,,,,,"Traits from Strait, 1997;2004 & Dembo, 2015. Descriptions from Dembo, 2015"
056,Basal area of paracone of P3,Premolar,Dental,Discrete,,,,UBERON:0007120,,,,,"Traits from Strait, 1997;2004 & Dembo, 2015. Descriptions from Dembo, 2015"
057,Molar cingulum,Molar,Dental,Discrete,Unordered,,,UBERON:0003655,,,,,"Traits from Strait, 1997;2004 & Dembo, 2015. Descriptions from Dembo, 2015"
058,Metaconid of dp3,Premolar,Dental,Discrete,Ordered,,,UBERON:0007120,,,,,"Traits from Strait, 1997;2004 & Dembo, 2015. Descriptions from Dembo, 2015"
059,Talonid basin of dp3,Premolar,Dental,Discrete,Unordered,,,UBERON:0007120,,,,,"Traits from Strait, 1997;2004 & Dembo, 2015. Descriptions from Dembo, 2015"
060,Distal trigonid crest on dp4,Premolar,Dental,Discrete,Unordered,,,UBERON:0007120,,,,,"Traits from Strait, 1997;2004 & Dembo, 2015. Descriptions from Dembo, 2015"
061,"Protocone of dp3, in occlusal view",Premolar,Dental,Discrete,Unordered,,,UBERON:0007120,,,,,"Traits from Strait, 1997;2004 & Dembo, 2015. Descriptions from Dembo, 2015"
062,Crista obliqua of dp4,Premolar,Dental,Discrete,Unordered,,,UBERON:0007120,,,,,"Traits from Strait, 1997;2004 & Dembo, 2015. Descriptions from Dembo, 2015"
063,Condylar canal,Occipital,Cranial,Discrete,Unordered,,,UBERON:0001676,The presence of condylar canal on the skull base.,2,Absent or infrequent (0); Frequently present (1),,"Traits from Strait, 1997;2004 & Dembo, 2015. Descriptions from Dembo, 2015"
064,Mandibular corpus depth along tooth row,Mandible,Dental,Discrete,Ordered,,,UBERON:0001684,The height of mandibular corpus along tooth row.,3,Shallow mesially (0); Constant (1); Deepens mesially (2),,"Traits from Strait, 1997;2004 & Dembo, 2015. Descriptions from Dembo, 2015"
065,Ethmo-sphenoid contact,Basicranium,Cranial,Discrete,Ordered,,,UBERON:0002517,The frequency of contact between ethmoid and sphenoid bones.,4,Usually absent (0); Variable (1); Usually present (2); Present (3),,"Traits from Strait, 1997;2004 & Dembo, 2015. Descriptions from Dembo, 2015"
066,I1 lingual crenulations,Incisor,Dental,Discrete,Unordered,,,UBERON:0001098,"The extent of enamel
crenulations on the lingual
surface of maxillary I1.",3,"Absent (0);
Marginal (1);
Whole surface
(2)",,"Traits from Strait, 1997;2004 & Dembo, 2015. Descriptions from Dembo, 2015"
067,Canine sexual dimorphism,Canine,Dental,Discrete,Unordered,,,UBERON:0018583,Sexual dimorphism in canine size.,4,Hyper dimorphic (0); Strongly dimorphic (1); Moderately dimorphic (2); Monomorphic; small canines (3); Monomorphic; large canines (4),,"Traits from Strait, 1997;2004 & Dembo, 2015. Descriptions from Dembo, 2015"
068,Sulcus obliqus,Dentition,Dental,Discrete,Unordered,,,UBERON:0003672,"The development of oblique
sulcus.",3,"Weak to
moderate (0);
Strong (1)",,"Traits from Strait, 1997;2004 & Dembo, 2015. Descriptions from Dembo, 2015"
069,Cranial vault thickness,Vault,Cranial,Discrete,Ordered,,,UBERON:0004339,The thickness of the cranial vault measured at parietal eminence.,3,Thin (0); Intermediate (1); Thick (2),,"Traits from Strait, 1997;2004 & Dembo, 2015. Descriptions from Dembo, 2015"
070,Calvarial height to breadth,Vault,Cranial,Continuous,Ordered,,,UBERON:0004339,"The ratio of the calvarial height on the coronal plane of porion to the minimum breadth of cranial base, or the distance between the porial saddles.",3,Low (0); Very low (1); High (2),,"Traits from Strait, 1997;2004 & Dembo, 2015. Descriptions from Dembo, 2015"
071,Cranial vault index,Vault,Cranial,Continuous,Unordered,Both ,Diagnostic,UBERON:0004339,The index calculated as the cranial height divided by cranial length. (Low and Long<0.62. Short and high>0.62).,2,Long low cranium (0); Short high cranium (1),,"Traits from Strait, 1997;2004 & Dembo, 2015. Descriptions from Dembo, 2015; Berger 2010"
072,Height of calvaria relative to orbits,Vault,Cranial,Discrete,Ordered,,,UBERON:0004339,The portion of the calvarial height above the orbit expressed as a percentage of the total calvarial height.,3,Low (0); Moderate (1); High (2),,"Traits from Strait, 1997;2004 & Dembo, 2015. Descriptions from Dembo, 2015"
073,Maximum cranial breadth,Vault,Cranial,Discrete,Ordered,,,UBERON:0004339,The location where maximum cranial breadth is measured.,3,Close to cranial base (0); Cranial base biparietal similar (1); At biparietal (2),,"Traits from Strait, 1997;2004 & Dembo, 2015. Descriptions from Dembo, 2015"
074,Cranial contour in norma occipitalis,Vault,Cranial,Discrete,Unordered,,,UBERON:0004339,The cranial contour in norma occipitalis.,3,Low and broad (0); en bombe (1); en maison (2),,"Traits from Strait, 1997;2004 & Dembo, 2015. Descriptions from Dembo, 2015"
075,Anterior calvarial contour in profile,Vault,Cranial,Discrete,Unordered,,,UBERON:0004339,Anterior calvarial contour in profile,2,Deviates from circle (0); Aligned with circle (1),,"Traits from Strait, 1997;2004 & Dembo, 2015. Descriptions from Dembo, 2015"
076,Posterior calvarial contour,Vault,Cranial,Discrete,Unordered,,,UBERON:0004339,The curvature of the posterior portion of the cranial vault along the midsagittal cross-section.,2,Aligned with circle (0); Deviates from circle (1),,"Traits from Strait, 1997;2004 & Dembo, 2015. Descriptions from Dembo, 2015"
077,Parietal wall verticality,Parietal,Cranial,Discrete,Unordered,,,UBERON:0000210,The superior convergence of lateral parietal walls in posterior view.,2,Present (0); Absent (1),,"Traits from Strait, 1997;2004 & Dembo, 2015. Descriptions from Dembo, 2015"
078,Sagittal crest,Parietal,Cranial,Discrete,Unordered,Both ,Diagnostic,UBERON:0000210,The presence of a sagittal crest.,2,Present (0); Absent (1),,"Traits from Strait, 1997;2004 & Dembo, 2015. Descriptions from Dembo, 2015"
079,Sagittal keel,Parietal,Cranial,Discrete,Unordered,Both ,Diagnostic,UBERON:0000210,The presence of a sagittal keel.,2,Absent (0); Present (1),,"Traits from Strait, 1997;2004 & Dembo, 2015. Descriptions from Dembo, 2015"
080,Upper facial breadth,Face,Craniofacial,Discrete,Ordered,,,UBERON:0001456,The index of bi-frontomalare temporale divided by orbital height.,4,Narrow (0); Intermediate (1); Broad (2); Extremely broad (3),,"Traits from Strait, 1997;2004 & Dembo, 2015. Descriptions from Dembo, 2015"
081,Outline of superior facial mask,Face,Craniofacial,Discrete,Unordered,,,UBERON:0001456,The bi-maxillary tubercle width relative to bi-frontomalare-temporale width.,2,Tapered (0); Squared (1),,"Traits from Strait, 1997;2004 & Dembo, 2015. Descriptions from Dembo, 2015"
082,Lateral anterior facial contour,Face,Craniofacial,Discrete,Unordered,,,UBERON:0001456,The facial contour in lateral view.,2,Bipartite (0); Straight (1) ,,"Traits from Strait, 1997;2004 & Dembo, 2015. Descriptions from Dembo, 2015; Asfaw et al. 1999"
083,Facial prognathism,Face,Craniofacial,Continuous,Ordered,Both ,Diagnostic,UBERON:0001456,"The proportion of the palate anterior to sellion. (Index > 57= prognathic, 30<Index<57 = mesognathic, Index <30 = orthognathic).",3,Prognathic (0); Mesognathic (1); Orthognathic (2),,"Traits from Strait, 1997;2004 & Dembo, 2015. Descriptions from Dembo, 2015"
084,Bregmatic protuberance,Frontal,Cranial,Discrete,Unordered,,,UBERON:0000209,The presence of a brebmatic protuberance.,2,Absent (0); Present (1),,"Traits from Strait, 1997;2004 & Dembo, 2015. Descriptions from Dembo, 2015"
085,Precoronal depression,Frontal,Cranial,Discrete,Unordered,,,UBERON:0000209,The presence of a precoronal depression.,3,Absent (0); Precoronal plane present (1); Precoronal depression present (2),,"Traits from Strait, 1997;2004 & Dembo, 2015. Descriptions from Dembo, 2015"
086,Coronal reinforcement,Frontal,Cranial,Discrete,Unordered,,,UBERON:0000209,The thickness of the frontal at and along the coronal suture.,3,Absent (0); Present at upper part of squama (1); Present and continues laterally (2) ,,"Traits from Strait, 1997;2004 & Dembo, 2015. Descriptions from Dembo, 2015"
087,Frontal contour in norma verticalis,Frontal,Cranial,Discrete,Unordered,,,UBERON:0000209,The contour of the frontal bone in superior view.,2,Linear (0); Convex (1),,"Traits from Strait, 1997;2004 & Dembo, 2015. Descriptions from Dembo, 2015"
088,Frontal eminence,Frontal,Cranial,Discrete,Unordered,,,UBERON:0000209,The presence of a frontal eminence.,2,Absent (0); Present (1),,"Traits from Strait, 1997;2004 & Dembo, 2015. Descriptions from Dembo, 2015"
089,Glabellar depression,Frontal,Cranial,Discrete,Unordered,,,UBERON:0000209,The presence of a depression at the glabella.,2,Absent (0); Present (1) ,,"Traits from Strait, 1997;2004 & Dembo, 2015. Descriptions from Dembo, 2015"
090,Glabellar development,Frontal,Cranial,Discrete,Unordered,,,UBERON:0000209,The development of the glabella.,2,Weak (0); Prominent (1),,"Traits from Strait, 1997;2004 & Dembo, 2015. Descriptions from Dembo, 2015"
091,Glabellar region forms as prominent block,Frontal,Cranial,Discrete,Unordered,,,UBERON:0000209,Does the glabellar region form a prominent block.,2,Not a block (0); Block (1),,"Traits from Strait, 1997;2004 & Dembo, 2015. Descriptions from Dembo, 2015"
092,Supraglabellar tubercle,Frontal,Cranial,Discrete,Unordered,,,UBERON:0000209,The presence of a supraglabellar tubercle at the junction of postorbital sulcus and the frontal squama.,2,Absent (0); Present (1),,"Traits from Strait, 1997;2004 & Dembo, 2015. Descriptions from Dembo, 2015"
093,Microdepression of glabella,Frontal,Cranial,Discrete,Unordered,,,UBERON:0000209,"The presence of a small glabellary depression, associated with large glabellar projection.",2,"Absent (0);
Present (1)",,"Traits from Strait, 1997;2004 & Dembo, 2015. Descriptions from Dembo, 2015"
094,Metopic keel,Frontal,Cranial,Discrete,Unordered,,,UBERON:0000209,The presence of a metopic keel.,2,Absent (0); Present (1),,"Traits from Strait, 1997;2004 & Dembo, 2015. Descriptions from Dembo, 2015"
095,Lateral postorbital depression,Frontal,Cranial,Discrete,Unordered,,,UBERON:0000209,The presence of postorbital depression.,2,Absent (0); Present (1),,"Traits from Strait, 1997;2004 & Dembo, 2015. Descriptions from Dembo, 2015"
096,Frontotemporale tubercle,Frontal,Cranial,Discrete,Unordered,,,UBERON:0000209,The presence of a tubercle at the fronto-temporal junction.,2,Absent (0); Present (1),,"Traits from Strait, 1997;2004 & Dembo, 2015. Descriptions from Dembo, 2015"
097,Frontal trigone,Frontal,Cranial,Discrete,Unordered,,,UBERON:0000209,The presence of a frontal trigone.,2,Present (0); Absent (1),,"Traits from Strait, 1997;2004 & Dembo, 2015. Descriptions from Dembo, 2015; Asfaw et al. 1999"
098,Supratrigonal depression,Frontal,Cranial,Discrete,Unordered,,,UBERON:0000209,The presence of very small depressions on the medial edges of the posterior part of temporal lines.,2,Absent (0); Present (1),,"Traits from Strait, 1997;2004 & Dembo, 2015. Descriptions from Dembo, 2015"
099,Frontal sinus,Frontal,Cranial,Discrete,Unordered,,,UBERON:0000209,The presence of frontal sinus.,2,Absent (0); Present (1) ,,"Traits from Strait, 1997;2004 & Dembo, 2015. Descriptions from Dembo, 2015"
100,Supraorbital sulcus,Frontal,Cranial,Discrete,Unordered,,,UBERON:0000209,The presence of a supraorbital sulcus.,2,Present (0); Absent (1),,"Traits from Strait, 1997;2004 & Dembo, 2015. Descriptions from Dembo, 2015"
101,Supraorbital torus thickness,Frontal,Cranial,Continuous,Ordered,,,UBERON:0000209,The index to calculate the thickness of the torus at its midpoint. The thickness at midpoint is divided by orbital height. (Thin<0.15; Intermediate=0.15-0.29; Thick>0.29).,3,Thick (0); Intermediate (1); Reduced (2),,"Traits from Strait, 1997;2004 & Dembo, 2015. Descriptions from Dembo, 2015"
102,Supraorbital thickness gradient,Frontal,Cranial,Discrete,Unordered,,,UBERON:0000209,The thickness gradient of the orbital arch comparing medial and lateral thicknesses.,2,Medial to lateral (0); Lateral to medial (1),,"Traits from Strait, 1997;2004 & Dembo, 2015. Descriptions from Dembo, 2015"
103,Supraorbital torus development,Frontal,Cranial,Discrete,Ordered,,,UBERON:0000209,The development of supraortibal torus.,3,Torus (0); Intermediate (1); Weak (2),,"Traits from Strait, 1997;2004 & Dembo, 2015. Descriptions from Dembo, 2015"
104,Superior orbital fissure shape,Frontal,Cranial,Discrete,Unordered,,,UBERON:0000209,The shape of superior orbital fissure.,2,Foramen (0); Comma shaped (1),,"Traits from Strait, 1997;2004 & Dembo, 2015. Descriptions from Dembo, 2015"
105,Supraorbital corner shape,Frontal,Cranial,Discrete,Unordered,,,UBERON:0000209,The angularity of the superolateral corner of the orbit.,2,Angled (0); Rounded (1),,"Traits from Strait, 1997;2004 & Dembo, 2015. Descriptions from Dembo, 2015"
106,Lacrimal fossae location,Orbit,Cranial,Discrete,Unordered,,,UBERON:0001697,The location of lacrimal fossa relative to the inferior orbital margin.,2,Within orbit (0); Within infraorbital region (1),,"Traits from Strait, 1997;2004 & Dembo, 2015. Descriptions from Dembo, 2015"
107,Ethmolacrimal contact,Orbit,Cranial,Discrete,Unordered,,,UBERON:0001697,The length of ethmoid-lacrymal contact.,2,100 (0); Variable (1),,"Traits from Strait, 1997;2004 & Dembo, 2015. Descriptions from Dembo, 2015"
108,Interorbital breadth,Orbit,Cranial,Discrete,Unordered,,,UBERON:0001697,"The distance bewteen the orbits, calculated as an index relative to the orbit's breadth.",2,Narrow (0); Broad (1),,"Traits from Strait, 1997;2004 & Dembo, 2015. Descriptions from Dembo, 2015"
109,Orbital shape,Orbit,Cranial,Discrete,Unordered,,,UBERON:0001697,The shape of the orbits evaluated by height vs breadth measurements.,3,Oval (0); Circular (1); Rectangular (2),,"Traits from Strait, 1997;2004 & Dembo, 2015. Descriptions from Dembo, 2015"
110,Inferior orbital margin position relative to nasal margin,Orbit,Cranial,Discrete,Ordered,,,UBERON:0001697,The horizontal position of the inferior orbital margins against the superior nasal aperture margin viewed anteriorly.,3,Well above superior nasal margin (0); Close to superior nasal margin (1); Well below superior nasal margin (2),,"Traits from Strait, 1997;2004 & Dembo, 2015. Descriptions from Dembo, 2015"
111,Nasal keel,Nasal,Cranial,Discrete,Unordered,,,UBERON:0001681,"The presence of a distinct vertical ""pinching"" of the nasal bones along its midline.",2,Present (0); Absent (1),,"Traits from Strait, 1997;2004 & Dembo, 2015. Descriptions from Dembo, 2015"
112,Eversion of superior nasal aperture margin,Nasal,Cranial,Discrete,Unordered,,,UBERON:0001681,The degree of superior nasal aperture margin eversion.,2,None (0); Slight (1),,"Traits from Strait, 1997;2004 & Dembo, 2015. Descriptions from Dembo, 2015"
113,Profile of nasal saddle and nasal roof,Nasal,Cranial,Discrete,Unordered,,,UBERON:0001681,The contour of nasal saddle and nasal roof.,4,Flat (0); Small curve (1); Well defined curve (2); Deep angled (3),,"Traits from Strait, 1997;2004 & Dembo, 2015. Descriptions from Dembo, 2015"
114,Inferior width of projecting nasal bone,Nasal,Cranial,Discrete,Unordered,,,UBERON:0001681,The inferior width of projecting nasal bone.,3,Narrow (0); Wide (1); Not projecting (2),,"Traits from Strait, 1997;2004 & Dembo, 2015. Descriptions from Dembo, 2015"
115,Anterior nasal spine relative to nasal aperture,Nasal,Cranial,Discrete,Ordered,,,UBERON:0001681,The development of anterior nasal spine relative to nasal aperture.,4,Absent (0); Anterior (1); Enlarged (2); Posterior (3),,"Traits from Strait, 1997;2004 & Dembo, 2015. Descriptions from Dembo, 2015"
116,Nasal margin crest/spine patterns,Nasal,Cranial,Discrete,Unordered,,,UBERON:0001681,The development of nasal margin crest or spine.,6,Lateral crest (0); Lateral turbinal and spinal crests (1); Fused spinal and turbinal crests and lateral crest (2); Fused lateral and spinal crests and turbinial crest (3); Fused lateral and spinal crests and partial fusion of spinal and turbinal (4); No crests (5),,"Traits from Strait, 1997;2004 & Dembo, 2015. Descriptions from Dembo, 2015"
117,Nasal aperture margin sharpness,Maxilla,Cranial,Discrete,Unordered,,,UBERON:0002397,The sharpness of the nasal aperture margin.,2,Sharp (0); Dull (1),,"Traits from Strait, 1997;2004 & Dembo, 2015. Descriptions from Dembo, 2015"
118,Subnasal projection,Maxilla,Cranial,Continuous,Ordered,,,UBERON:0002397,The inclination of the nasoalveolar clivus measured relative to the occlusal plane. (Weak<100; Moderate=100-150; Marked>15).,3,Low (0); Intermediate (1); High (2),,"Traits from Strait, 1997;2004 & Dembo, 2015. Descriptions from Dembo, 2015"
119,Subnasal length,Maxilla,Cranial,Discrete,Ordered,,,UBERON:0002397,The chord distance from nasospinale to prosthion.,3,Short (0); Intermediate (1); Long (2),,"Traits from Strait, 1997;2004 & Dembo, 2015. Descriptions from Dembo, 2015"
120,Alveolar clivus shape,Maxilla,Cranial,Discrete,Ordered,,,UBERON:0002397,The shape of alveolar clivus.,3,Convex (0); Flat (1); Concave (2),,"Traits from Strait, 1997;2004 & Dembo, 2015. Descriptions from Dembo, 2015"
121,Protrusion of incisor alveoli beyond bicanine line in basal view,Maxilla,Cranial,Discrete,Unordered,,,UBERON:0002397,The position of the incisors relative to the canines in the coronal plane.,2,Beyond bicanine line (0); Within bicanine line (1),,"Traits from Strait, 1997;2004 & Dembo, 2015. Descriptions from Dembo, 2015; Asfaw et al. 1999"
122,External palate breadth,Palate,Cranial,Discrete,Ordered,,,UBERON:0012071,The index of external palate breadth at M2 divdied by orbital height.,3,Broad (0); Intermediate (1); Narrow (2),,"Traits from Strait, 1997;2004 & Dembo, 2015. Descriptions from Dembo, 2015"
123,Incisive canal development,Palate,Cranial,Discrete,Ordered,,,UBERON:0012071,The development of incisive canal.,3,Slight canal (0); Intermediate (1); Extensive canal (2),,"Traits from Strait, 1997;2004 & Dembo, 2015. Descriptions from Dembo, 2015"
124,Palate thickness,Palate,Cranial,Continuous,Unordered,,,UBERON:0012071,The thickness of the palate posterior to the incisive fossa. (Thick>7 mm; Thin<7 mm),2,Thin (0); Thick (1),,"Traits from Strait, 1997;2004 & Dembo, 2015. Descriptions from Dembo, 2015; Asfaw et al. 1999"
125,Incisive foramen position,Palate,Cranial,Discrete,Ordered,,,UBERON:0012071,The position of incisive foramen along tooth row.,3,Canine (0); P3 (1); P4 (2),,"Traits from Strait, 1997;2004 & Dembo, 2015. Descriptions from Dembo, 2015"
126,Anterior palate depth,Palate,Cranial,Discrete,Unordered,Both,,UBERON:0012071,The depth of anterior palate.,2,Shallow (0); Deep (1),,"Traits from Strait, 1997;2004 & Dembo, 2015. Descriptions from Dembo, 2015; Asfaw et al. 1999"
127,Palatine process orientation,Palate,Cranial,Discrete,Unordered,,,UBERON:0012071,The orientation of the posterosuperior slope of the palatal plane distal to the canine.,2,Nearly horizontal (0); Steep posterior angle (1),,"Traits from Strait, 1997;2004 & Dembo, 2015. Descriptions from Dembo, 2015"
128,Canine jugum development,Maxilla,Cranial,Discrete,Ordered,,,UBERON:0002397,The development of canine jugum.,3,Weak (0); Moderate (1); Marked (2),,"Traits from Strait, 1997;2004 & Dembo, 2015. Descriptions from Dembo, 2015; Asfaw et al. 1999"
129,Canine root orientation,Maxilla,Cranial,Discrete,Unordered,,,UBERON:0002397,The orientation of the canine root relative to parasagittal plane.,2,Inclined (0); Parallel (1),,"Traits from Strait, 1997;2004 & Dembo, 2015. Descriptions from Dembo, 2015"
130,Canine fossa,Maxilla,Cranial,Discrete,Unordered,,,UBERON:0002397,"The presence of a canine fossa, canine groove or canine fossula.",2,Absent (0); Present (1),,"Traits from Strait, 1997;2004 & Dembo, 2015. Descriptions from Dembo, 2015; Asfaw et al. 1999"
131,Maxillary trigone,Maxilla,Cranial,Discrete,Unordered,,,UBERON:0002397,"The presence of maxillary trigon, a gutter-like triangular depression in the infraorbital region.",2,Absent (0); Present (1),,"Traits from Strait, 1997;2004 & Dembo, 2015. Descriptions from Dembo, 2015"
132,Maxillary sinus size,Maxilla,Cranial,Discrete,Unordered,,,UBERON:0002397,The size of maxillary sinus.,2,Intermediate (0); Large (1),,"Traits from Strait, 1997;2004 & Dembo, 2015. Descriptions from Dembo, 2015"
133,Maxillary sinus division,Maxilla,Cranial,Discrete,Unordered,,,UBERON:0002397,The position of the main division of the maxillary sinus floor.,2,Posterior (0); Anterior (1),,"Traits from Strait, 1997;2004 & Dembo, 2015. Descriptions from Dembo, 2015"
134,Infraorbital plate orientation,Maxilla,Cranial,Discrete,Unordered,,,UBERON:0002397,"The orientation of the infraorbital plate, measured by the position of the inferior margin of the infraorbital region, which is demarcated by the zygomaticoalveolar crest relative to the coronal plane of the orbit.",3,Sloped (0); Vertical (1); Lateral (2),,"Traits from Strait, 1997;2004 & Dembo, 2015. Descriptions from Dembo, 2015"
135,Sulcus infraorbitalis,Maxilla,Cranial,Discrete,Unordered,,,UBERON:0002397,The width of a infraorbital sulcus.,3,Absent (0); Narrow (1); Wide (2),,"Traits from Strait, 1997;2004 & Dembo, 2015. Descriptions from Dembo, 2015"
136,Anterior zygomatic root position,Maxilla,Craniofacial,Discrete,Ordered,,,UBERON:0002397,The position of the anterior zygomatic root along tooth row.,4,P3-P4 (0); P4-M1 (1); M1 (2); M1-M2 (3),,"Traits from Strait, 1997;2004 & Dembo, 2015. Descriptions from Dembo, 2015; Asfaw et al. 1999"
137,Zygomaticoalveolar crest,Zygomatic,Craniofacial,Discrete,Unordered,,,UBERON:0001683,The curvature of the zygomaticoalveolar crest.,2,Straight (0); Curved (1),,"Traits from Strait, 1997;2004 & Dembo, 2015. Descriptions from Dembo, 2015; Asfaw et al. 1999"
138,Malar diagonal length,Zygomatic,Cranial,Discrete,Ordered,,,UBERON:0001683,The index of orbitale-zygomaxillare divided by orbital height.,3,Long (0); Intermediate (1); Short (2),,"Traits from Strait, 1997;2004 & Dembo, 2015. Descriptions from Dembo, 2015"
139,Malar orientation,Zygomatic,Cranial,Discrete,Ordered,,,UBERON:0001683,The orientation of the anterior malar surface relative to Frankfurt Horizontal,3,Posteriorly inclined (0); Vertical (1); Anteriorly inclined (2),,"Traits from Strait, 1997;2004 & Dembo, 2015. Descriptions from Dembo, 2015"
140,Zygomatic insertion height,Zygomatic,Craniofacial,Discrete,Unordered,,,UBERON:0001683,The insertion of the zygomaticoalveolar crest onto the alveolar border.,2,Low (0); High (1),,"Traits from Strait, 1997;2004 & Dembo, 2015. Descriptions from Dembo, 2015"
141,Zygomatic bone orientation,Zygomatic,Craniofacial,Discrete,Ordered,,,UBERON:0001683,The orientation of the zygomatic bone relative to the frontal.,3,Frontal (0); Frontolateral (1); Lateral (2),,"Traits from Strait, 1997;2004 & Dembo, 2015. Descriptions from Dembo, 2015"
142,Mediolateral thickness of zygomatic arch at root of frontal process,Zygomatic,Craniofacial,Continuous,Unordered,,,UBERON:0001683,The thickness of the zygomatic arch. (Thick>8mm; Thin<8 mm),2,Thin (0); Thick (1),,"Traits from Strait, 1997;2004 & Dembo, 2015. Descriptions from Dembo, 2015"
143,Expansion of medial edge of frontal process of zygomatic bone,Zygomatic,Craniofacial,Discrete,Unordered,,,UBERON:0001683,The presence of a lateral flair of the frontal process of the zygomatic.,2,Vertical (0); Laterally divergent (1),,"Traits from Strait, 1997;2004 & Dembo, 2015. Descriptions from Dembo, 2015"
144,Angular indentation of lateral orbital margin,Zygomatic,Craniofacial,Discrete,Unordered,,,UBERON:0001683,The curvature of the lateral orbital margin.,2,Indented (0); Curved (1),,"Traits from Strait, 1997;2004 & Dembo, 2015. Descriptions from Dembo, 2015"
145,Masseter origin height,Zygomatic,Craniofacial,Discrete,Unordered,,,UBERON:0001683,The index of zygomaticoalveolar height relative to orbitoalveolar height.,2,Low (0); High (1),,"Traits from Strait, 1997;2004 & Dembo, 2015. Descriptions from Dembo, 2015"
146,Zygomatic temporal surface,Zygomatic,Craniofacial,Discrete,Unordered,,,UBERON:0001683,"The thickness of the body of the zygomatic bone. ""Deeply excavated"" surface is thinner in the centre of the body.",2,Flat (0); Deeply excavated (1),,"Traits from Strait, 1997;2004 & Dembo, 2015. Descriptions from Dembo, 2015"
147,Zygomatic prominence development,Zygomatic,Craniofacial,Discrete,Unordered,,,UBERON:0001683,The development of the zygomatic prominence.,2,Prominent (0); Slight (1),,"Traits from Strait, 1997;2004 & Dembo, 2015. Descriptions from Dembo, 2015"
148,Zygomaticomaxillary steps to fossae present,Zygomatic,Craniofacial,Discrete,Unordered,,,UBERON:0001683,The presence of zygomaticomaxillary steps to fossae.,2,Absent (0); Present (1),,"Traits from Strait, 1997;2004 & Dembo, 2015. Descriptions from Dembo, 2015"
149,Zygomatic arch relative to inferior orbital margin,Zygomatic,Craniofacial,Discrete,Unordered,,,UBERON:0001683,The position of the zygomatic arch relative to the inferior orbital margin.,2,Above (0); Level (1),,"Traits from Strait, 1997;2004 & Dembo, 2015. Descriptions from Dembo, 2015"
150,Position of zygomatic angle,Zygomatic,Craniofacial,Discrete,Ordered,,,UBERON:0001683,The position of the angle formed between the frontal and temporal processes of the zygomatic relative to the inferior orbital margin.,3,Below orbit (0); At orbit (1); Above orbit (2),,"Traits from Strait, 1997;2004 & Dembo, 2015. Descriptions from Dembo, 2015"
151,Both,Zygomatic,Craniofacial,Discrete,Unordered,,,UBERON:0001683,The development of the lateral flaring of zygomatic arches.,2,Marked (0); Slight (1),,"Traits from Strait, 1997;2004 & Dembo, 2015. Descriptions from Dembo, 2015"
152,Zygomatic arch alignment,Zygomatic,Craniofacial,Discrete,Unordered,,,UBERON:0001683,The outline of the zygomatic arch from the superior view. This character refers to the orientation of the zygomatic arch at midpoint; whether it is parallel to the sagittal plane or not.,2,Sagittal (0); Deviant (1),,"Traits from Strait, 1997;2004 & Dembo, 2015. Descriptions from Dembo, 2015"
153,Zygomatic process root,Zygomatic,Craniofacial,Discrete,Unordered,,,UBERON:0001683,The number of planes at the root of the zygomatic process. The surface of the zygomatic process root lateral to the articular tubercle is divided into two surfaces by a very strong ridge that extends from the lateral edge of the articular tubercle.,2,Undivided (0); Divided (1),,"Traits from Strait, 1997;2004 & Dembo, 2015. Descriptions from Dembo, 2015"
154,Temporal fossae size,Temporal,Cranial,Discrete,Ordered,,,UBERON:0001678,The index of temporal fossa size divided by orbital area.,3,Large (0); Intermediate (1); Small (2),,"Traits from Strait, 1997;2004 & Dembo, 2015. Descriptions from Dembo, 2015"
155,Articular eminence position relative to occlusal plane,Temporal,Cranial,Discrete,Unordered,,,UBERON:0001678,"The perpendicular distance between the articular eminence and the occlusal plane, divided by the geometric mean (bi-entoglenoid breadth, bi-carotid breadth, FM length, basioccipital length).",2,High above plane (0); Near plane (1),,"Traits from Strait, 1997;2004 & Dembo, 2015. Descriptions from Dembo, 2015"
156,Articular eminence summit,Temporal,Cranial,Discrete,Unordered,,,UBERON:0001678,The position of the maximum convexity of articular eminence relative to the plane of the posterior edge of temporal foramen.,2,Posterior (0); Anterior (1),,"Traits from Strait, 1997;2004 & Dembo, 2015. Descriptions from Dembo, 2015"
157,Articular eminence form,Temporal,Cranial,Discrete,Unordered,,,UBERON:0001678,The angulation of the long axis of the articular eminence in basal view.,2,Single plane (0); Mediolateral twisted (1),,"Traits from Strait, 1997;2004 & Dembo, 2015. Descriptions from Dembo, 2015"
158,Posterior slope of articular tubercle,Temporal,Cranial,Discrete,Ordered,,,UBERON:0001678,The degree and the length of posterior portion of the articular tubercle on the zygomatic.,3,Short (0); More pronounced (1); Steep (2),,"Traits from Strait, 1997;2004 & Dembo, 2015. Descriptions from Dembo, 2015"
159,Articular tubercle development,Temporal,Cranial,Discrete,Unordered,,,UBERON:0001678,The development of the articular tubercle on the zygomatic.,2,Not developed (0); Developed (1),,"Traits from Strait, 1997;2004 & Dembo, 2015. Descriptions from Dembo, 2015"
160,Articular tubercle projection,Temporal,Cranial,Discrete,Unordered,,,UBERON:0001678,The projection of the articular tubercle.,2,Not or slightly projecting (0); Projecting (1),,"Traits from Strait, 1997;2004 & Dembo, 2015. Descriptions from Dembo, 2015"
161,Articular tubercle and sub-temporal plane continuity,Temporal,Cranial,Discrete,Unordered,,,UBERON:0001678,The continuity of the articular tubercle with the subtemporal plane.,2,Continuous (0); Not continuous (1),,"Traits from Strait, 1997;2004 & Dembo, 2015. Descriptions from Dembo, 2015"
162,Articular tubercle anteroposterior curvature,Temporal,Cranial,Discrete,Unordered,,,UBERON:0001678,The anteroposterior curvature of the articular tubercle in norma lateralis.,3,Flat (0); Large rounded profile (1); Small rounded profile (2),,"Traits from Strait, 1997;2004 & Dembo, 2015. Descriptions from Dembo, 2015"
163,Transverse concavity of articular tubercle,Temporal,Cranial,Discrete,Unordered,,,UBERON:0001678,The concavity of the articular tubercle in norma frontalis.,3,Flat (0); Large rounded profile (1); Small rounded profile (2),,"Traits from Strait, 1997;2004 & Dembo, 2015. Descriptions from Dembo, 2015"
164,Integration of entoglenoid formation with articular tubercle,Temporal,Cranial,Discrete,Unordered,,,UBERON:0001678,The integration of the entoglenoid process or spine with articular tubercle.,2,Not integrated (0); Integrated (1),,"Traits from Strait, 1997;2004 & Dembo, 2015. Descriptions from Dembo, 2015"
165,Ectoglenoid crest,Temporal,Cranial,Discrete,Unordered,,,UBERON:0001678,The presence of ectoglenoid crest.,2,Absent (0); Present (1),,"Traits from Strait, 1997;2004 & Dembo, 2015. Descriptions from Dembo, 2015"
166,Width between the tympanic plate and entoglenoid process,Temporal,Cranial,Discrete,Ordered,,,UBERON:0001678,The width between tympanic plate and entoglenoid process.,3,Absent (0); Narrow (1); Wide (2),,"Traits from Strait, 1997;2004 & Dembo, 2015. Descriptions from Dembo, 2015"
167,Entoglenoid process position relative to anterior zygomatic tubercle or ectoglenoid process,Temporal,Craniofacial,Discrete,Ordered,,,UBERON:0001678,The position of the entoglenoid process or spine in sagittal plane relative to the ectoglenoid process.,3,Same level (0); Posterior (1); Farther back (2),,"Traits from Strait, 1997;2004 & Dembo, 2015. Descriptions from Dembo, 2015"
168,Entoglenoid process projection,Temporal,Cranial,Discrete,Unordered,,,UBERON:0001678,The projection of the entoglenoid process or spine.,2,Projecting (0); Not projecting (1),,"Traits from Strait, 1997;2004 & Dembo, 2015. Descriptions from Dembo, 2015"
169,Subarcuate fossa depth,Temporal,Cranial,Discrete,Ordered,,,UBERON:0001678,"The depth of subarcuate fossa, which is a small triangular fossa or shallow area inferior to the arcuate eminence on temporal bone.",3,Deep (0); Moderately deep to shallow (1); Very shallow to absent (2),,"Traits from Strait, 1997;2004 & Dembo, 2015. Descriptions from Dembo, 2015"
170,Preglenoid plane extent,Temporal,Cranial,Discrete,Unordered,,,UBERON:0001678,The extent of the preglenoid planum.,2,Not stretched (0); Stretched (1),,"Traits from Strait, 1997;2004 & Dembo, 2015. Descriptions from Dembo, 2015"
171,Sphenoid contribution to mandibular fossa,Temporal,Cranial,Discrete,Unordered,,,UBERON:0001678,The contribution of sphenoid to mandibular fossa.,2,Absent (0); Present (1),,"Traits from Strait, 1997;2004 & Dembo, 2015. Descriptions from Dembo, 2015"
172,Contribution of tympanic plate to mandibular fossa,Temporal,Cranial,Discrete,Unordered,,,UBERON:0001678,The contribution of the tympanic plate to the mandibular fossa.,2,None (0); Exclusive (1),,"Traits from Strait, 1997;2004 & Dembo, 2015. Descriptions from Dembo, 2015"
173,Orientation of anterior wall of TMJ,Temporal,Cranial,Discrete,Ordered,,,UBERON:0001678,The orientation of the anterior wall of mandibular fossa.,3,Horizontal (0); Oblique (1); Vertical (2),,"Traits from Strait, 1997;2004 & Dembo, 2015. Descriptions from Dembo, 2015"
174,Tubercle on anterior wall of TMJ,Temporal,Cranial,Discrete,Unordered,,,UBERON:0001678,The presence of a tubercle on the anterior wall of the mandibular fossa.,2,Absent (0); Present (1),,"Traits from Strait, 1997;2004 & Dembo, 2015. Descriptions from Dembo, 2015"
175,Medial recess of mandibular fossa,Temporal,Cranial,Discrete,Unordered,,,UBERON:0001678,The presence of a recess in the medial wall of the mandibular fossa.,2,Absent (0); Present (1),,"Traits from Strait, 1997;2004 & Dembo, 2015. Descriptions from Dembo, 2015"
176,Mandibular fossa length,Temporal,Cranial,Discrete,Unordered,,,UBERON:0001678,The anteroposterior length of mandibular fossa.,2,Narrow (0); Wide (1),,"Traits from Strait, 1997;2004 & Dembo, 2015. Descriptions from Dembo, 2015"
177,Mandibular fossa depth,Temporal,Cranial,Discrete,Unordered,,,UBERON:0001678,"The index of mandibular fossa depth perpendicular to Frankfurt Horizontal (depth from the base of the articular eminence to the apex of the fossa, divided by the breadth of the eminence from the articlar tubercle to the entoglenoid",2,Shallow (0); Deep (1),,"Traits from Strait, 1997;2004 & Dembo, 2015. Descriptions from Dembo, 2015"
178,Mandibular fossa overhang,Temporal,Cranial,Discrete,Unordered,,,UBERON:0001678,The proportion of the mandibular fossa that overhangs the external cranial vault.,2,<50% (0); ≥50% (1),,"Traits from Strait, 1997;2004 & Dembo, 2015. Descriptions from Dembo, 2015"
179,Convexity of posterior wall of mandibular fossa,Temporal,Cranial,Discrete,Unordered,,,UBERON:0001678,The curvature on the posterior wall of the mandibular fossa.,2,Flat or concave (0); Convex (1),,"Traits from Strait, 1997;2004 & Dembo, 2015. Descriptions from Dembo, 2015"
180,Postglenoid process shape in norma frontalis,Temporal,Cranial,Discrete,Unordered,,,UBERON:0001678,The shape of the postglenoid process in norma frontalis.,3,Rectangular (0); Round (1); Flat (2),,"Traits from Strait, 1997;2004 & Dembo, 2015. Descriptions from Dembo, 2015"
181,Postglenoid and tympanic fusion,Temporal,Cranial,Discrete,Unordered,,,UBERON:0001678,The fusion of the tympanic element and the postgelnoid process in coronal plane.,2,Fused (0); Unfused (1),,"Traits from Strait, 1997;2004 & Dembo, 2015. Descriptions from Dembo, 2015"
182,Postglenoid process size,Temporal,Cranial,Discrete,Ordered,,,UBERON:0001678,The size of postglenoid process.,3,Large (0); Medium (1); Small (2),,"Traits from Strait, 1997;2004 & Dembo, 2015. Descriptions from Dembo, 2015"
183,Postglenoid process extent relative to the tympanic,Temporal,Cranial,Discrete,Unordered,,,UBERON:0001678,The extent of the postglenoid process relative to the tympanic.,3,No overlap (0); Overlaps (1); Rudimentary or no postglenoid process,,"Traits from Strait, 1997;2004 & Dembo, 2015. Descriptions from Dembo, 2015"
184,Vaginal process size,Temporal,Cranial,Discrete,Unordered,,,UBERON:0001678,The size of the vaginal process of tympanic.,2,Small or absent (0); Moderate to large (1),,"Traits from Strait, 1997;2004 & Dembo, 2015. Descriptions from Dembo, 2015"
185,Styloid process fusion,Temporal,Cranial,Discrete,Unordered,,,UBERON:0001678,The presence of styloid process.,2,Unfused (0); Fused (1),,"Traits from Strait, 1997;2004 & Dembo, 2015. Descriptions from Dembo, 2015"
186,Crista petrosa development,Temporal,Cranial,Discrete,Unordered,,,UBERON:0001678,"The development of crista petrosa, a sharp lower margin of the tympanic plate that bounds a single anteriorly directed face.",2,Absent or weak (0); Moderate to strong (1),,"Traits from Strait, 1997;2004 & Dembo, 2015. Descriptions from Dembo, 2015"
187,Tympanic shape,Temporal,Cranial,Discrete,Unordered,,,UBERON:0001678,The shape of the tympanic canal and the orientation of the anterior tympanic plate.,2,Tubular (0); Platelike (1),,"Traits from Strait, 1997;2004 & Dembo, 2015. Descriptions from Dembo, 2015"
188,Tympanic trough,Temporal,Cranial,Discrete,Unordered,,,UBERON:0001678,The presence of a tympanic trough.,2,Absent (0); Present (1),,"Traits from Strait, 1997;2004 & Dembo, 2015. Descriptions from Dembo, 2015"
189,Tympanic plate thickness,Temporal,Cranial,Continuous,Unordered,,,UBERON:0001678,The thickness of the tympanic plate around the external auditory meatus. (Thick>2mm; Thin<2mm).,2,Thin (0); Thick (1),,"Traits from Strait, 1997;2004 & Dembo, 2015. Descriptions from Dembo, 2015"
190,Lateral tympanic extension,Temporal,Cranial,Discrete,Unordered,,,UBERON:0001678,The degree of tympanic extension laterally relative to the location of the porion saddle.,2,Medial to saddle (0); Lateral to saddle (1),,"Traits from Strait, 1997;2004 & Dembo, 2015. Descriptions from Dembo, 2015"
191,Tegmen tympani,Temporal,Cranial,Discrete,Unordered,,,UBERON:0001678,The presence of tegmen tympani on the roof of the tympanic cavity.,2,Absent (0); Present (1),,"Traits from Strait, 1997;2004 & Dembo, 2015. Descriptions from Dembo, 2015"
192,Middle ear depth,Temporal,Cranial,Continuous,Unordered,,,UBERON:0001678,The depth of middle ear. (Deep>8.5mm; Shallow<8.5mm).,2,Shallow (0); Deep (1),,"Traits from Strait, 1997;2004 & Dembo, 2015. Descriptions from Dembo, 2015"
193,Mediolateral position of external auditory meatus,Temporal,Cranial,Discrete,Unordered,,,UBERON:0001678,The mediolateral position of the inferolateral tip of the tympanic relative to porion.,2,Medial (0); Lateral (1),,"Traits from Strait, 1997;2004 & Dembo, 2015. Descriptions from Dembo, 2015"
194,Tubercle behind external auditory meatus,Temporal,Cranial,Discrete,Unordered,,,UBERON:0001678,The presence of a tubercle below the external auditory meatus where the mastoid crest branches downwards.,2,Absent (0); Present (1),,"Traits from Strait, 1997;2004 & Dembo, 2015. Descriptions from Dembo, 2015"
195,Orientation of the long axis of external auditory meatus,Temporal,Cranial,Discrete,Unordered,,,UBERON:0001678,The orientation of the axis of the external auditory meatus.,2,Oblique (0); Vertical (1),,"Traits from Strait, 1997;2004 & Dembo, 2015. Descriptions from Dembo, 2015"
196,Suprameatal spine,Temporal,Cranial,Discrete,Unordered,,,UBERON:0001678,The presence of a suprameatal spine/crest.,2,Absent (0); Present (1),,"Traits from Strait, 1997;2004 & Dembo, 2015. Descriptions from Dembo, 2015"
197,Eustachian process of tympanic,Temporal,Cranial,Discrete,Unordered,,,UBERON:0001678,The development of the eustacian process of tympanic.,2,Present and prominent (0); Absent or slight (1),,"Traits from Strait, 1997;2004 & Dembo, 2015. Descriptions from Dembo, 2015"
198,Mastoid fissure,Temporal,Cranial,Discrete,Unordered,,,UBERON:0001678,"The presence of a mastoid fissure, which occurs when the tympanic is not fused to the anterior face of the mastoid process.",2,Absent (0); Present (1),,"Traits from Strait, 1997;2004 & Dembo, 2015. Descriptions from Dembo, 2015"
199,Squamotympanic fissure,Temporal,Cranial,Discrete,Unordered,,,UBERON:0001678,The presence of squamotympanic fissure.,2,Absent (0); Present (1),,"Traits from Strait, 1997;2004 & Dembo, 2015. Descriptions from Dembo, 2015"
200,Squamotympanic fissure depth,Temporal,Cranial,Discrete,Unordered,,,UBERON:0001678,The depth of squamotympanic fissure.,2,Shallow (0); Deep (1),,"Traits from Strait, 1997;2004 & Dembo, 2015. Descriptions from Dembo, 2015"
201,Maximum lateral projection of mastoid,Temporal,Cranial,Discrete,Unordered,,,UBERON:0001678,The position of the lateral-most point of the mastoid process on the temporal viewed posteriorly.,2,High (0); Low (1),,"Traits from Strait, 1997;2004 & Dembo, 2015. Descriptions from Dembo, 2015"
202,Mastoid process lateral inflation,Temporal,Cranial,Discrete,Unordered,,,UBERON:0001678,"The inflation of mastoid process.(""Not inflated"" means that it extends up to but not beyond the supramastoid crest; ""Inflated"" when the mastoid is inflated lateral to the supramastoid crest).",2,Not inflated (0); Inflated (1),,"Traits from Strait, 1997;2004 & Dembo, 2015. Descriptions from Dembo, 2015"
203,Mastoid process size,Temporal,Cranial,Discrete,Unordered,,,UBERON:0001678,The size of mastoid process.,2,Small (0); Large (1),,"Traits from Strait, 1997;2004 & Dembo, 2015. Descriptions from Dembo, 2015"
204,Mastoid process orientation,Temporal,Cranial,Discrete,Unordered,,,UBERON:0001678,The orientation of the mastoid process in coronal plane.,2,Not medial (0); Medial (1),,"Traits from Strait, 1997;2004 & Dembo, 2015. Descriptions from Dembo, 2015"
205,Mastoid tip position,Temporal,Cranial,Discrete,Unordered,,,UBERON:0001678,"The position of the tip of the mastoid process relative to porion measured as the mastoid tip position index, which is a percentage of the horizontal distance between the tip of mastoid to porion and asterion and porion. The cut-off for a ""posterior"" position seems to be aorund 40% index.",2,Anterior (0); Posterior (1),,"Traits from Strait, 1997;2004 & Dembo, 2015. Descriptions from Dembo, 2015"
206,Mastoid face,Temporal,Cranial,Discrete,Unordered,,,UBERON:0001678,"The contact between mastoid process and the peripheral bony structures. A deep and posteriorly extended digastric groove ""cleaves"" the posterior face fo the mastoid process, confining it to the lateral part of the temporal bone's basal aspect. With a very weak posterior indentation by the digastric fossa, the mastoid process is firmly connected to the pars mastoidea with a continuous posterolateral face. A posterior extension of the digastric fossal all the way to the rear margin of the temporal bone completely isolates the mastoid process.",3,Single posterolateral (0); Discrete posterior and lateral (1); Single lateral (2),,"Traits from Strait, 1997;2004 & Dembo, 2015. Descriptions from Dembo, 2015"
207,Supramastoid crest development,Temporal,Cranial,Discrete,Unordered,,,UBERON:0001678,The development of supramastoid crest at porion.,2,Weak (0); Marked (1),,"Traits from Strait, 1997;2004 & Dembo, 2015. Descriptions from Dembo, 2015"
208,Supramastoid crest and zygomatic process contact,Temporal,Craniofacial,Discrete,Unordered,,,UBERON:0001678,The continuity of supramastoid crest with the zygomatic process.,2,Not continuous (0); Continuous (1),,"Traits from Strait, 1997;2004 & Dembo, 2015. Descriptions from Dembo, 2015"
209,Supramastoid crest and lower temporal line continuity,Temporal,Cranial,Discrete,Unordered,,,UBERON:0001678,The continuity of supramastoid crest with the lower temporal line.,2,Not continuous (0); Continuous (1),,"Traits from Strait, 1997;2004 & Dembo, 2015. Descriptions from Dembo, 2015"
210,Supramastoid sulcus closes anteriorly,Temporal,Cranial,Discrete,Unordered,,,UBERON:0001678,The continuity of supramastoid crest and mastoid crest.,2,Absent (0); Present (1),,"Traits from Strait, 1997;2004 & Dembo, 2015. Descriptions from Dembo, 2015"
211,Supramastoid sulcus width,Temporal,Cranial,Continuous,Ordered,,,UBERON:0001678,The width between mastoid crest and supramastoid crest.,3,Absent (0); Narrow (1); Wide (2),,"Traits from Strait, 1997;2004 & Dembo, 2015. Descriptions from Dembo, 2015"
212,Tubercle above the supramastoid process,Temporal,Cranial,Discrete,Unordered,,,UBERON:0001678,The presence of a tubercle anterior to supramastoid crest.,2,Absent (0); Present (1),,"Traits from Strait, 1997;2004 & Dembo, 2015. Descriptions from Dembo, 2015"
213,Tubercle on supramastoid crest,Temporal,Cranial,Discrete,Unordered,,,UBERON:0001678,The presence of a tubercle on the posterior portion of the supramastoid crest.,2,Absent (0); Present (1),,"Traits from Strait, 1997;2004 & Dembo, 2015. Descriptions from Dembo, 2015"
214,Mastoid crest projection,Temporal,Cranial,Discrete,Unordered,,,UBERON:0001678,The projection of mastoid crest.,2,Weak (0); Strong (1),,"Traits from Strait, 1997;2004 & Dembo, 2015. Descriptions from Dembo, 2015"
215,Mastoid crest and upper temporal line contact,Temporal,Cranial,Discrete,Unordered,,,UBERON:0001678,The continuity of mastoid crest with upper temporal line.,2,Not continuous (0); Continuous (1),,"Traits from Strait, 1997;2004 & Dembo, 2015. Descriptions from Dembo, 2015"
216,Mastoid crest and supramastoid crest orientation,Temporal,Cranial,Discrete,Unordered,,,UBERON:0001678,The orientation of the anterior portion of the mastoid and supramastoid crests.,2,Divergent anteriorly (0); Parallel (1),,"Traits from Strait, 1997;2004 & Dembo, 2015. Descriptions from Dembo, 2015"
217,Juxtamastoid eminence,Temporal,Cranial,Discrete,Unordered,,,UBERON:0001678,The presence of a juxtamastoid crest.,2,Absent (0); Present (1),,"Traits from Strait, 1997;2004 & Dembo, 2015. Descriptions from Dembo, 2015"
218,Digastric fossa depth,Temporal,Cranial,Discrete,Unordered,,,UBERON:0001678,The depth of digastric fossa.,2,Shallow (0); Deep (1),,"Traits from Strait, 1997;2004 & Dembo, 2015. Descriptions from Dembo, 2015"
219,Digastric fossa length,Temporal,Cranial,Discrete,Unordered,,,UBERON:0001678,The length of digastric fossa.,2,Short (0); Long (1),,"Traits from Strait, 1997;2004 & Dembo, 2015. Descriptions from Dembo, 2015"
220,Digastric fossa width,Temporal,Cranial,Discrete,Unordered,,,UBERON:0001678,The width of digastric fossa.,2,Narrow (0); Wide (1),,"Traits from Strait, 1997;2004 & Dembo, 2015. Descriptions from Dembo, 2015"
221,Digastric fossa cross-section shape,Temporal,Cranial,Discrete,Unordered,,,UBERON:0001678,The transverse cross-sectional shape of digastric fossa.,3,Round (0); U-shaped (1); V-shaped (2),,"Traits from Strait, 1997;2004 & Dembo, 2015. Descriptions from Dembo, 2015"
222,Digastric groove morphology,Temporal,Cranial,Discrete,Unordered,,,UBERON:0001678,The morphology of digastric groove located medially and posterior to the mastoid process.,2,Bridged (0); Not bridged (1),,"Traits from Strait, 1997;2004 & Dembo, 2015. Descriptions from Dembo, 2015"
223,Angular torus,Temporal,Cranial,Discrete,Unordered,,,UBERON:0001678,The presence of an angular torus.,2,Absent (0); Present (1),,"Traits from Strait, 1997;2004 & Dembo, 2015. Descriptions from Dembo, 2015"
224,Temporal squama height,Temporal,Cranial,Discrete,Unordered,,,UBERON:0001678,The height of the temporal squama on the vault.,2,High (0); Low (1),,"Traits from Strait, 1997;2004 & Dembo, 2015. Descriptions from Dembo, 2015"
225,Temporal squama shape,Temporal,Cranial,Discrete,Unordered,,,UBERON:0001678,The shape of the temporal squama on the vault.,2,Polygonal (0); Triangular (1),,"Traits from Strait, 1997;2004 & Dembo, 2015. Descriptions from Dembo, 2015"
226,Anterior contour of temporal squama,Temporal,Cranial,Discrete,Unordered,,,UBERON:0001678,The curvature of the anterior edge of the temporal squama.,2,Rounded (0); Rectilinear (1),,"Traits from Strait, 1997;2004 & Dembo, 2015. Descriptions from Dembo, 2015"
227,Superior contour of temporal squama,Temporal,Cranial,Discrete,Unordered,,,UBERON:0001678,The curvature of the superior edge of the temporal squama.,2,Rounded (0); Rectilinear (1),,"Traits from Strait, 1997;2004 & Dembo, 2015. Descriptions from Dembo, 2015"
228,Posterior contour of temporal squama,Temporal,Cranial,Discrete,Unordered,,,UBERON:0001678,The contour of the posterior temporal squama of the facies temporalis in the asterionic region.,2,Flattened (0); Vertical (1),,"Traits from Strait, 1997;2004 & Dembo, 2015. Descriptions from Dembo, 2015"
229,Squamosal suture overlap extensive,Temporal,Cranial,Discrete,Unordered,,,UBERON:0001678,The superior and posterosuperior aspects of the squamosal suture.,2,Not extensive (0); Extensive (1),,"Traits from Strait, 1997;2004 & Dembo, 2015. Descriptions from Dembo, 2015"
230,Position of temporal emphasis,Temporal,Cranial,Discrete,Ordered,,,UBERON:0001678,The location of the most strongly expressed part of the temporal lines.,3,Posterior (0); Intermediate 1 (1); Intermediate 2 (2); Anterior (3),,"Traits from Strait, 1997;2004 & Dembo, 2015. Descriptions from Dembo, 2015"
231,Temporal line projection,Temporal,Cranial,Discrete,Unordered,,,UBERON:0001678,The development of the temporal band.,2,Slight (0); Marked projection (1),,"Traits from Strait, 1997;2004 & Dembo, 2015. Descriptions from Dembo, 2015"
232,Depression beneath the upper temporal line,Parietal,Cranial,Discrete,Unordered,,,UBERON:0000210,The presence of a depression on the superior temporal line in the posterior half of the parietal.,2,Absent (0); Present (1),,"Traits from Strait, 1997;2004 & Dembo, 2015. Descriptions from Dembo, 2015"
233,Position of temporal lines on parietal bones,Vault,Cranial,Discrete,Unordered,,,UBERON:0004339,The width between the temporal lines in superior view.,2,Crest (0); Wide (1),,"Traits from Strait, 1997;2004 & Dembo, 2015. Descriptions from Dembo, 2015"
234,Depression between temporal lines,Parietal,Cranial,Discrete,Unordered,,,UBERON:0000210,The presence of a depression between the temporal lines in the posterior half of the parietal.,2,Absent (0); Present (1),,"Traits from Strait, 1997;2004 & Dembo, 2015. Descriptions from Dembo, 2015"
235,Temporal band width in lateral view,Vault,Cranial,Discrete,Unordered,,,UBERON:0004339,The width between the temporal lines on in lateral view.,2,Narrow (0); Wide (1),,"Traits from Strait, 1997;2004 & Dembo, 2015. Descriptions from Dembo, 2015"
236,Temporal band projection,Parietal,Cranial,Discrete,Ordered,,,UBERON:0000210,"The width of the temporal band on the parietal bone. The position, relief and the existence of a stephanion disconection of the space between temporal lines.",3,Lines absent or weak (0); Lines visible but not protruding (1); Lines protruding (2),,"Traits from Strait, 1997;2004 & Dembo, 2015. Descriptions from Dembo, 2015"
237,Temporal line position,Parietal,Cranial,Discrete,Unordered,Both,,UBERON:0000210,The position of temporal lines on the parietal.,2,High (0); Low (1),,"Traits from Strait, 1997;2004 & Dembo, 2015. Descriptions from Dembo, 2015; Berger et al. 2010 *has different states; crest, variable, wide*"
238,Parietomastoid angle development,Parietal,Cranial,Discrete,Unordered,,,UBERON:0000210,The angle at parietomastoid.,2,Strong (0); Weak (1),,"Traits from Strait, 1997;2004 & Dembo, 2015. Descriptions from Dembo, 2015"
239,Prelambdoidal depression,Parietal,Cranial,Discrete,Unordered,,,UBERON:0000210,The presence of a prelambdoidal depression.,2,Absent (0); Present (1),,"Traits from Strait, 1997;2004 & Dembo, 2015. Descriptions from Dembo, 2015"
240,Projection on lambdoid suture (processus asteriacus),Parietal,Cranial,Discrete,Unordered,,,UBERON:0000210,"The presence of an asteriacus process, which is an elevation limited to the inferior segment of the upper temporal line of the parietal.",2,Absent (0); Present (1),,"Traits from Strait, 1997;2004 & Dembo, 2015. Descriptions from Dembo, 2015"
241,Upper occipital squama curvature,Occipital,Cranial,Discrete,Unordered,,,UBERON:0001676,The curvature of the upper occipital squama above the inion where superior nuchal lines merge in the medial sagittal plane.,2,Flat or slightly concave (0); Convex (1),,"Traits from Strait, 1997;2004 & Dembo, 2015. Descriptions from Dembo, 2015"
242,Occipital squama shape,Occipital,Cranial,Discrete,Unordered,,,UBERON:0001676,The shape of the upper part of the occipital squama in norma occipitalis.,2,Pentagonal (0); Triangular (1),,"Traits from Strait, 1997;2004 & Dembo, 2015. Descriptions from Dembo, 2015"
243,Nuchal plane inclination,Occipital,Cranial,Discrete,Ordered,,,UBERON:0001676,The angle between the inion-opisthion chord and Frankfurt Horizontal.,3,Steep (0); Intermediate (1); Weak (2),,"Traits from Strait, 1997;2004 & Dembo, 2015. Descriptions from Dembo, 2015"
244,Relative height of nuchal area,Occipital,Cranial,Discrete,Unordered,,,UBERON:0001676,The anteroposterior height of the nuchal area of the cranial base relative to the bisupramastoid width.,2,High (0); Low (1),,"Traits from Strait, 1997;2004 & Dembo, 2015. Descriptions from Dembo, 2015"
245,Compound temporal nuchal crest in males,Occipital,Cranial,Discrete,Ordered,Both,Diagnostic,UBERON:0001676,The presence of compound temporal nuchal crest in males.,3,Extensive (0); Partial (1); Absent (2),,"Traits from Strait, 1997;2004 & Dembo, 2015. Descriptions from Dembo, 2015"
246,Nuchal crest emphasis,Occipital,Cranial,Discrete,Ordered,,,UBERON:0001676,The location of the most projecting part of the nuchal crest.,3,Lateral (0); Medial (1); Absent (2),,"Traits from Strait, 1997;2004 & Dembo, 2015. Descriptions from Dembo, 2015"
247,Occipital angulation,Occipital,Cranial,Discrete,Ordered,,,UBERON:0001676,The angle formed between the lambda-inion chord and the inion-opisthion chord.,3,<100 (0); 100 to 110 (1); >110 (2),,"Traits from Strait, 1997;2004 & Dembo, 2015. Descriptions from Dembo, 2015"
248,Lower occipital squama shape,Occipital,Cranial,Discrete,Unordered,,,UBERON:0001676,The curvature of the lower occipital squama.,2,Convex (0); Flat or slightly concave (1),,"Traits from Strait, 1997;2004 & Dembo, 2015. Descriptions from Dembo, 2015"
249,Longus capitis insertion size,Occipital,Cranial,Discrete,Unordered,,,UBERON:0001676,The sizeand orientation of the depression of longus capitis where visible and the degree of development of muscle markings.,2,Large (0); Small (1),,"Traits from Strait, 1997;2004 & Dembo, 2015. Descriptions from Dembo, 2015"
250,Occipital torus development,Occipital,Cranial,Discrete,Ordered,,,UBERON:0001676,The development of the occipital torus.,3,Absent (0); Weak (1); Strong (2),,"Traits from Strait, 1997;2004 & Dembo, 2015. Descriptions from Dembo, 2015"
251,Expansion of occipital torus,Occipital,Cranial,Discrete,Unordered,,,UBERON:0001676,The lateral extent of occipital torus.,2,Median (0); Transversal (1),,"Traits from Strait, 1997;2004 & Dembo, 2015. Descriptions from Dembo, 2015"
252,Occipital plane length,Occipital,Cranial,Discrete,Unordered,,,UBERON:0001676,The length of occipital plane relative to the nuchal plane.,2,Lengthened (0); Shortened (1),,"Traits from Strait, 1997;2004 & Dembo, 2015. Descriptions from Dembo, 2015"
253,Occipital supratoral sulcus,Occipital,Cranial,Discrete,Unordered,,,UBERON:0001676,The presence of occipital supratoral sulcus.,2,Absent (0); Present (1),,"Traits from Strait, 1997;2004 & Dembo, 2015. Descriptions from Dembo, 2015"
254,Lateral occipital depression on occipital sulcus,Occipital,Cranial,Discrete,Unordered,,,UBERON:0001676,The presence of lateral depressions on occipital sulcus,2,Absent (0); Present (1),,"Traits from Strait, 1997;2004 & Dembo, 2015. Descriptions from Dembo, 2015"
255,Occipital bun,Occipital,Cranial,Discrete,Unordered,,,UBERON:0001676,The presence of an occipital bun.,2,Absent (0); Present (1),,"Traits from Strait, 1997;2004 & Dembo, 2015. Descriptions from Dembo, 2015"
256,Depression above external occipital protuberance.,Occipital,Cranial,Discrete,Unordered,,,UBERON:0001676,The depression above external occipital protuberance.,2,Absent (0); Present (1),,"Traits from Strait, 1997;2004 & Dembo, 2015. Descriptions from Dembo, 2015"
257,External occipital protuberance,Occipital,Cranial,Discrete,Unordered,,,UBERON:0001676,The presence of external occipital protuberance formed by supreme nuchal lines.,2,Absent (0); Present (1),,"Traits from Strait, 1997;2004 & Dembo, 2015. Descriptions from Dembo, 2015"
258,Tuberculum linearum on occipital,Occipital,Cranial,Discrete,Unordered,,,UBERON:0001676,The presence of tuberculum linearum formed by the superior nuchal lines.,2,Absent (0); Present (1),,"Traits from Strait, 1997;2004 & Dembo, 2015. Descriptions from Dembo, 2015"
259,External occipital crest,Occipital,Cranial,Discrete,Unordered,,,UBERON:0001676,The presence of the external occpital crest.,2,Absent (0); Present (1),,"Traits from Strait, 1997;2004 & Dembo, 2015. Descriptions from Dembo, 2015"
260,Suprainiac fossa,Occipital,Cranial,Discrete,Unordered,,,UBERON:0001676,The presence of a suprainiac fossa.,2,Absent (0); Present (1),,"Traits from Strait, 1997;2004 & Dembo, 2015. Descriptions from Dembo, 2015"
261,Walls of suprainiac fossa,Occipital,Cranial,Discrete,Ordered,,,UBERON:0001676,The orientation of the lateral walls of the suprainiac fossa.,3,Convergent (0); Parallel (1); Divergent (2),,"Traits from Strait, 1997;2004 & Dembo, 2015. Descriptions from Dembo, 2015"
262,Retromastoid process,Occipital,Cranial,Discrete,Unordered,,,UBERON:0001676,"The presence of a retromastoid process at the junction of the superior nuchal line and the secondary branch of the inferior nuchal line, between the inion and mastoid process.",2,Absent (0); Present (1),,"Traits from Strait, 1997;2004 & Dembo, 2015. Descriptions from Dembo, 2015"
263,Occipitomastoid crest,Occipital,Cranial,Discrete,Unordered,,,UBERON:0001676,The presence of an occipitomastoid crest.,2,Absent (0); Present (1),,"Traits from Strait, 1997;2004 & Dembo, 2015. Descriptions from Dembo, 2015"
264,Occipital torus and supramastoid crest contact,Occipital,Cranial,Discrete,Unordered,,,UBERON:0001676,The continuity of the occipital torus with the supramastoid crest.,2,Not continuous (0); Continuous (1),,"Traits from Strait, 1997;2004 & Dembo, 2015. Descriptions from Dembo, 2015"
265,Occipital torus to mastoid crest contact,Occipital,Cranial,Discrete,Unordered,,,UBERON:0001676,The continuity of the occipital torus with the mastoid crest.,2,Not continuous (0); Continuous (1),,"Traits from Strait, 1997;2004 & Dembo, 2015. Descriptions from Dembo, 2015"
266,Occipital torus to upper temporal line contact,Occipital,Cranial,Discrete,Unordered,,,UBERON:0001676,The continuity of the occipital torus with the upper temporal line.,2,Not continuous (0); Continuous (1),,"Traits from Strait, 1997;2004 & Dembo, 2015. Descriptions from Dembo, 2015"
267,Inion location,Occipital,Cranial,Discrete,Unordered,,,UBERON:0001676,The location of inion relative to the opisthocranion.,2,Below opisthocranion (0); At opisthocranion (1),,"Traits from Strait, 1997;2004 & Dembo, 2015. Descriptions from Dembo, 2015"
268,Inion/endinion location,Occipital,Cranial,Discrete,Unordered,,,UBERON:0001676,The location of inion on the external cranial surface and endinion on the endocranial surface.,2,Separate (0); Coincide (1),,"Traits from Strait, 1997;2004 & Dembo, 2015. Descriptions from Dembo, 2015"
269,Occipitomarginal sinus frequency,Occipital,Cranial,Discrete,Ordered,,,UBERON:0001676,The frequency of the presence of occipitomarginal sinus.,3,Low (0); Intermediate (1); High (2),,"Traits from Strait, 1997;2004 & Dembo, 2015. Descriptions from Dembo, 2015"
270,Foramen magnum shape,Occipital,Cranial,Discrete,Unordered,Both,Diagnostic,UBERON:0001676,The shape of foramen magnum.,2,Oval (0); Heart (1),,"Traits from Strait, 1997;2004 & Dembo, 2015. Descriptions from Dembo, 2015; Diagnostic for P. boisei"
271,Foramen magnum position,Occipital,Cranial,Discrete,Ordered,,,UBERON:0001676,The position of foramen magnum relative to bi-tympanic line.,3,Posterior (0); At line (1); Anterior (2),,"Traits from Strait, 1997;2004 & Dembo, 2015. Descriptions from Dembo, 2015"
272,Foramen magnum inclination,Occipital,Cranial,Discrete,Ordered,,,UBERON:0001676,The angle between the basion-opisthion chord and Frankfurt Horizontal.,3,Posteriorly (0); Horizontal (1); Anteriorly (2),,"Traits from Strait, 1997;2004 & Dembo, 2015. Descriptions from Dembo, 2015"
273,Cranial base breadth,Basicranium,Cranial,Continuous,Ordered,,,UBERON:0002517,The index of bi-porion chord divided by orbital height chord.,3,Narrow (0); Intermediate (1); Broad (2),,"Traits from Strait, 1997;2004 & Dembo, 2015. Descriptions from Dembo, 2015"
274,Basioccipital length,Basicranium,Cranial,Continuous,Ordered,,,UBERON:0002517,The index of basion-sphenobasion length divided by cranial base geometric mean.,3,Long (0); Intermediate (1); Short (2),,"Traits from Strait, 1997;2004 & Dembo, 2015. Descriptions from Dembo, 2015"
275,Cranial base flexion,Basicranium,Cranial,Discrete,Ordered,,,UBERON:0002517,The angle between Frankfurt Horizontal and the basion-hormion chord (the inclination of the basioccipital and basisphenoid measured externally).,3,Flat (0); Moderate (1); Flexed (2),,"Traits from Strait, 1997;2004 & Dembo, 2015. Descriptions from Dembo, 2015"
276,Posterior base shape,Basicranium,Cranial,Discrete,Unordered,,,UBERON:0002517,The horizonal disatnce between the coronal plane of the mastoid crests and the most posterior part of the cranial base between the supramastoid crests.,3,Moderate (0); Squat (1); Elongate (2),,"Traits from Strait, 1997;2004 & Dembo, 2015. Descriptions from Dembo, 2015"
277,Cerebellum position,Brain,Cranial,Discrete,Unordered,,,UBERON:0000955,The position of the cerebellum relative to the cerebrum.,2,Not tucked (0); Tucked (1),,"Traits from Strait, 1997;2004 & Dembo, 2015. Descriptions from Dembo, 2015"
278,Anterior pole shape,Brain,Cranial,Discrete,Unordered,,,UBERON:0000955,"The shape of the anterior poles of the frontal lobe as seen in the endocast. Strongly anteriorly tapered lobes are considered ""beaked"".",2,Rounded (0); Beaked (1),,"Traits from Strait, 1997;2004 & Dembo, 2015. Descriptions from Dembo, 2015"
279,Enamel thickness,Dentition,Dental,Discrete,Ordered,Both,Diagnostic,UBERON:0003672,The relative thickness of enamel.,3,Thin (0); Thick (1); Hyperthick (2),,"Traits from Strait, 1997;2004 & Dembo, 2015. Descriptions from Dembo, 2015"
280,Dental development rate,Dentition,Dental,Discrete,Ordered,,,UBERON:0003672,The differences in the calcification and eruption patterns of the permanent teeth in extant hominoids and fossil hominids.,3,Delayed (0); Intermediate (1); Accelerated (2),,"Traits from Strait, 1997;2004 & Dembo, 2015. Descriptions from Dembo, 2015"
281,Cingulum expression,Dentition,Dental,Discrete,Unordered,,,UBERON:0003672,The presence of labial cingulum in lower canines and premolars.,2,Present (0); Absent (1),,"Traits from Strait, 1997;2004 & Dembo, 2015. Descriptions from Dembo, 2015"
282,Sulcus obliqus development,Dentition,Dental,Discrete,Unordered,,,UBERON:0003672,The development of oblique sulcus.,3,Weak to moderate (0); Strong (1),,"Traits from Strait, 1997;2004 & Dembo, 2015. Descriptions from Dembo, 2015"
283,Fovea posterior development,Dentition,Dental,Discrete,Unordered,,,UBERON:0003672,The development of fovea posterior.,2,Absent or weak (0); Well developed (1),,"Traits from Strait, 1997;2004 & Dembo, 2015. Descriptions from Dembo, 2015"
284,Maxillary incisor heteromorphy,Incisor,Dental,Continuous,Unordered,,,UBERON:0001098,The index of I1 area divided by I2 area.,2,Dissimilar (0); Similar (1),,"Traits from Strait, 1997;2004 & Dembo, 2015. Descriptions from Dembo, 2015"
285,Incisor procumbency,Incisor,Dental,Discrete,Unordered,,,UBERON:0001098,The orientation of incisors.,2,Procumbent (0); Vertical (1),,"Traits from Strait, 1997;2004 & Dembo, 2015. Descriptions from Dembo, 2015; Asfaw et al. 1999"
286,Presence of Maxillary I2/C diastema,Incisor,Dental,Discrete,Unordered,,,UBERON:0001098,The presence of maxillary diastema.,2,Present (0); Absent (1),,"Traits from Strait, 1997;2004 & Dembo, 2015. Descriptions from Dembo, 2015"
287,Maxillary incisor-to postcanine ratio,Incisor,Dental,Continuous,Ordered,Both,Diagnostic,UBERON:0001098,The ratio of maxillary incisor-to-postcanine teeth.,3,Small (0); Moderate (1); Large (2),,"Traits from Strait, 1997;2004 & Dembo, 2015. Descriptions from Dembo, 2015; Berger et al. 2010"
288,Lingual crenulations of maxillary I1,Incisor,Dental,Discrete,Unordered,,,UBERON:0001098,The extent of enamel crenulations on the lingual surface of maxillary I1.,3,Absent (0); Marginal (1); Whole surface (2),,"Traits from Strait, 1997;2004 & Dembo, 2015. Descriptions from Dembo, 2015"
289,Labial curvature of maxillary I1,Incisor,Dental,Discrete,Ordered,,,UBERON:0001098,The development of labial curvature of maxillary I1.,4,Trace (0); Weak (1); Moderate (2); Pronounced (3),,"Traits from Strait, 1997;2004 & Dembo, 2015. Descriptions from Dembo, 2015"
290,Shovel on maxillary I1,Incisor,Dental,Discrete,Unordered,,,UBERON:0001098,The development of shovel-shaped maxillary I1.,3,Absent (0); Faint (1); Trace (2),,"Traits from Strait, 1997;2004 & Dembo, 2015. Descriptions from Dembo, 2015"
291,Double shovel on maxillary I1,Incisor,Dental,Discrete,Unordered,,,UBERON:0001098,The presence of double shovel-shaped maxillary I1.,2,Absent (0); Fraint (1),,"Traits from Strait, 1997;2004 & Dembo, 2015. Descriptions from Dembo, 2015"
292,Shovel shape in maxillary I2,Incisor,Dental,Discrete,Unordered,,,UBERON:0001098,The shape of maxillary I2.,3,Classic (0); Triangular (1); Absent (2),,"Traits from Strait, 1997;2004 & Dembo, 2015. Descriptions from Dembo, 2015"
293,Canine robusticity,Canine,Dental,Discrete,Unordered,Both,Diagnostic,UBERON:0018583,The robusticity of the canines.,2,Slender (0); More robust (1),,"Traits from Strait, 1997;2004 & Dembo, 2015. Descriptions from Dembo, 2015"
294,Canine size reduction,Canine,Dental,Discrete,Ordered,,,UBERON:0018583,The degree of canine reduction calibrated relative to Pan and Gorilla. Canine size and canine root dimentions compared to canines of extant African apes.,3,No (0); Somewhat (1); Very (2),,"Traits from Strait, 1997;2004 & Dembo, 2015. Descriptions from Dembo, 2015"
295,Extensive mesial groove on maxillary canine,Canine,Dental,Discrete,Unordered,,,UBERON:0018583,The presence of a mesial groove on the upper canine that extends to the crown apex.,2,Yes (0); No (1),,"Traits from Strait, 1997;2004 & Dembo, 2015. Descriptions from Dembo, 2015"
296,Lingual ridge development on maxillary canine,Canine,Dental,Discrete,Unordered,,,UBERON:0018583,The development of the lingual ridges on maxillary C.,2,Marked (0); Weak (1) ,,"Traits from Strait, 1997;2004 & Dembo, 2015. Descriptions from Dembo, 2015"
297,Bushman canine on maxillary canine,Canine,Dental,Discrete,Unordered,,,UBERON:0018583,The presence of Bushman canine.,2,Absent (0); Present (1),,"Traits from Strait, 1997;2004 & Dembo, 2015. Descriptions from Dembo, 2015"
298,Distal accessory ridge development on maxillary canine,Canine,Dental,Discrete,Ordered,,,UBERON:0018583,The development of the distal accessory ridge on maxillary canine.,3,Absent (0); Faint (1); Weak (2),,"Traits from Strait, 1997;2004 & Dembo, 2015. Descriptions from Dembo, 2015"
299,Lingual shape of maxillary canine,Canine,Dental,Discrete,Ordered,,,UBERON:0018583,"The symmetry of the maxillary canine in lingual views, assessed by the position of the mesial and distal crown shoulder positions relative to the crown apex.",3,Asymmetric (0); More symmetric (1); Symmetric (2),,"Traits from Strait, 1997;2004 & Dembo, 2015. Descriptions from Dembo, 2015"
300,Shape of maxillary canine,Canine,Dental,Discrete,Unordered,,,UBERON:0018583,The shape and the sharpness of maxillary canine.,2,"Sharp, flared (0); Rounded, no cuspule (1)",,"Traits from Strait, 1997;2004 & Dembo, 2015. Descriptions from Dembo, 2015"
301,Shape of mandibular canine,Canine,Dental,Discrete,Unordered,,,UBERON:0018583,The shape of mandibular canine.,2,Asymmetrical (0); Symmetrical (1),,"Traits from Strait, 1997;2004 & Dembo, 2015. Descriptions from Dembo, 2015"
302,Lingual ridge development on mandibular canine,Canine,Dental,Discrete,Unordered,,,UBERON:0018583,The prominence of medial lingual ridge of mandibular canine.,2,Prominent (0); Weak (1),,"Traits from Strait, 1997;2004 & Dembo, 2015. Descriptions from Dembo, 2015"
303,Basal keel on mandibular canine,Canine,Dental,Discrete,Ordered,,,UBERON:0018583,The presence of the basal keel of mandibular canine.,3,Present (0); Reduced (1); Absent (2),,"Traits from Strait, 1997;2004 & Dembo, 2015. Descriptions from Dembo, 2015"
304,Maxillary premolar molarization,Premolar,Dental,Discrete,Ordered,,,UBERON:0007120,The degree of molarization on maxillary premolars.,3,None (0); Minor (1); Marked (2),,"Traits from Strait, 1997;2004 & Dembo, 2015. Descriptions from Dembo, 2015; Asfaw et al. 1999"
305,Buccal grooves on maxillary premolars,Premolar,Dental,Discrete,Unordered,,,UBERON:0007120,The development of buccal grooves on maxillary premolars.,2,Marked (0); Weak (1),,"Traits from Strait, 1997;2004 & Dembo, 2015. Descriptions from Dembo, 2015"
306,P3 position,Premolar,Dental,Discrete,Unordered,,,UBERON:0007120,The position of P3 relative to canine.,2,Posterior (0); Posterolateral (1),,"Traits from Strait, 1997;2004 & Dembo, 2015. Descriptions from Dembo, 2015"
307,Maxillary P3 cusp heteromorphy,Premolar,Dental,Discrete,Ordered,,,UBERON:0007120,The size of paracone of upper premolars relative to the protocone.,3,Paracone much larger than protocone (0); Paracone larger than protocone (1); Paracone equals protocone (2),,"Traits from Strait, 1997;2004 & Dembo, 2015. Descriptions from Dembo, 2015"
308,Maxillary P3 root number,Premolar,Dental,Discrete,Unordered,,,UBERON:0007120,The number of roots on maxillary P3.,2,Two (0); >Two (1),,"Traits from Strait, 1997;2004 & Dembo, 2015. Descriptions from Dembo, 2015"
309,Maxillary P3 mesiobuccal line extent,Premolar,Dental,Discrete,Ordered,Phylogenetics,,UBERON:0007120,The extent of mesiobuccal line on maxillary P3.,4,Always (0); Frequent (1); Rare (2); Absent (3),,"Traits from Strait, 1997;2004 & Dembo, 2015. Descriptions from Dembo, 2015"
310,Mandibular P3 root number,Premolar,Dental,Discrete,Unordered,,,UBERON:0007120,The number of roots on mandibular P3.,2,One (0); Two (1),,"Traits from Strait, 1997;2004 & Dembo, 2015. Descriptions from Dembo, 2015"
311,Frequency of well developed metaconid on mandibular P3,Premolar,Dental,Discrete,Ordered,,,UBERON:0007120,The frequency of a well-developed P3 metacnoid within each species sample.,3,Absent (0); Infrequent (1); Frequent (2),,"Traits from Strait, 1997;2004 & Dembo, 2015. Descriptions from Dembo, 2015"
312,Mandibular P3 shape,Premolar,Dental,Discrete,Ordered,,,UBERON:0007120,The shape and symmetry of mandibular P3.,4,"Asymmetrical (0); Less asymmetrical, talonid reduced (1); Much less asymmetrical, talonid absent (2); Circular (3)",,"Traits from Strait, 1997;2004 & Dembo, 2015. Descriptions from Dembo, 2015"
313,Lingual cusp on mandibular P4,Premolar,Dental,Discrete,Unordered,,,UBERON:0007120,The number of cusps on mandibular P4.,4,"Two, mesial cusp much larger (0); Two, mesial cusp larger (1); Two, cusps equal size (2); Two, distal cusp larger (3)",,"Traits from Strait, 1997;2004 & Dembo, 2015. Descriptions from Dembo, 2015"
314,Mandibular P4 root number,Premolar,Dental,Discrete,Unordered,,,UBERON:0007120,The number of roots on mandibular P4.,2,One (0); Two (1),,"Traits from Strait, 1997;2004 & Dembo, 2015. Descriptions from Dembo, 2015"
315,Mandibular P4 shape,Premolar,Dental,Discrete,Ordered,,,UBERON:0007120,The symmetry of mandibular P4.,3,"Asymmetrical, wide polygon (0); Asymmetrical, reduced polygon (1); Symmetrical (2)",,"Traits from Strait, 1997;2004 & Dembo, 2015. Descriptions from Dembo, 2015"
316,Postcanine crown area,Molar,Dental,Discrete,Ordered,,,UBERON:0003655,The summed area of postcanine teeth.,3,Small (0); Moderate (1); Large (2),,"Traits from Strait, 1997;2004 & Dembo, 2015. Descriptions from Dembo, 2015"
317,Size of M1 relative to M2,Molar,Dental,Continuous,Unordered,,,UBERON:0003655,The ratio of crown area of M1 relative to M2.,2,≥ 1 (0); <1 (1),,"Traits from Strait, 1997;2004 & Dembo, 2015. Descriptions from Dembo, 2015"
318,Size of M1 relative to M3,Molar,Dental,Continuous,Unordered,,,UBERON:0003655,The ratio of crown area of M1 relative to M3.,2,≥ 1 (0); <1 (1),,"Traits from Strait, 1997;2004 & Dembo, 2015. Descriptions from Dembo, 2015"
319,Size of M2 relative to M3,Molar,Dental,Continuous,Unordered,,,UBERON:0003655,The ratio of crown area of M2 relative to M3.,2,≥ 1 (0); <1 (1),,"Traits from Strait, 1997;2004 & Dembo, 2015. Descriptions from Dembo, 2015"
320,Molar cingulum development,Molar,Dental,Discrete,Unordered,,,UBERON:0003655,The development of molar cingulum on maxillary molars.,2,"Reduced, incomplete (0); Fragmented or absent (1)",,"Traits from Strait, 1997;2004 & Dembo, 2015. Descriptions from Dembo, 2015"
321,Molar dentine horn height,Molar,Dental,Discrete,Unordered,,,UBERON:0003655,The height of the molar dentine horns.,2,High (0); Low (1),,"Traits from Strait, 1997;2004 & Dembo, 2015. Descriptions from Dembo, 2015"
322,Maxillary molar morphology,Molar,Dental,Discrete,Unordered,,,UBERON:0003655,The development of cusps and enamel on the maxillary molar.,4,"Well developed cusps and cristae (0); Inflated cusps, limited cristae (1); Low cusps with enamel wrinkling (2); Flat, bunodont morphology (3)",,"Traits from Strait, 1997;2004 & Dembo, 2015. Descriptions from Dembo, 2015"
323,Protocristid groove prominence of mandibular molars,Molar,Dental,Discrete,Unordered,,,UBERON:0003655,The development of protocristic groove on molars.,2,Prominent (0); Barely visible (1),,"Traits from Strait, 1997;2004 & Dembo, 2015. Descriptions from Dembo, 2015"
324,Lingual marginal ridge development,Molar,Dental,Discrete,Ordered,,,UBERON:0003655,The development of the lingual marginal ridges of molars.,3,Hardly appreciable (0); More prominent (1); Very prominent (2),,"Traits from Strait, 1997;2004 & Dembo, 2015. Descriptions from Dembo, 2015"
325,Positions of buccal and lingual cusps relative to crown margin,Molar,Dental,Discrete,Unordered,,,UBERON:0003655,The positions of the buccal and lingual cusp tips relative to the crown base.,5,"BC and LC at margin (0); LC margin, BC slightly lingual (1); LC margin, BC moderately lingual (2); LC slightly buccal, BC moderately lingual (3); LC moderately buccal, BC strongly lingual (4)",,"Traits from Strait, 1997;2004 & Dembo, 2015. Descriptions from Dembo, 2015"
326,Protoconid/metaconid more mesial cusp on molars,Molar,Dental,Discrete,Unordered,,,UBERON:0003655,The most mesial cusp on mandibular molars.,2,Equal (0); Protoconid (1),,"Traits from Strait, 1997;2004 & Dembo, 2015. Descriptions from Dembo, 2015"
327,Peak of enamel thickness between the roots of molars,Molar,Dental,Discrete,Unordered,,,UBERON:0003655,The thickness of enamel between the roots of molars.,2,Thin (0); Thicker (1),,"Traits from Strait, 1997;2004 & Dembo, 2015. Descriptions from Dembo, 2015"
328,Maxillary M1 shape,Molar,Dental,Discrete,Unordered,,,UBERON:0003655,The shape of maxillary M1.,2,Squared (0); Rhomboidal (1),,"Traits from Strait, 1997;2004 & Dembo, 2015. Descriptions from Dembo, 2015"
329,Cusp 5 on maxillary M1,Molar,Dental,Discrete,Unordered,,,UBERON:0003655,The development of cusp 5 on maxillary M1.,3,Faint cuspule (0); Trace cuspule (1); Small cuspule (2),,"Traits from Strait, 1997;2004 & Dembo, 2015. Descriptions from Dembo, 2015"
330,Enamel extension on maxillary M1,Molar,Dental,Discrete,Unordered,,,UBERON:0003655,The extension of enamel on maxillary M1.,2,Absent (0); Faint (1),,"Traits from Strait, 1997;2004 & Dembo, 2015. Descriptions from Dembo, 2015"
331,Carabelli's cusp on mandibular M1,Molar,Dental,Discrete,Unordered,,,UBERON:0003655,The development of Carabelli's cusp of maxillary M1.,5,"Lingual cingulum (0); Absent (1); Groove, small cusp (2); Pit, small cusp (3); Large depression, cusp (4)",,"Traits from Strait, 1997;2004 & Dembo, 2015. Descriptions from Dembo, 2015"
332,Anterior fovea on mandibular M1,Molar,Dental,Discrete,Ordered,,,UBERON:0003655,The development of anterior fovea of mandibular M1.,4,Faint (0); Weak (1); Moderate (2); Large (3),,"Traits from Strait, 1997;2004 & Dembo, 2015. Descriptions from Dembo, 2015"
333,Cusp number on mandibular M1,Molar,Dental,Discrete,Unordered,,,UBERON:0003655,The number of cusps on mandibular M1.,2,Five (0); Six (1),,"Traits from Strait, 1997;2004 & Dembo, 2015. Descriptions from Dembo, 2015"
334,Protostylid on mandibular M1,Molar,Dental,Discrete,Unordered,,,UBERON:0003655,The development of protostylid of mandibular M1.,6,Absent (0); Absent-pit (1); Curved buccal groove (2); Curved mesial and distal grooves (3); Trace cusp (4); Small cusp (5),,"Traits from Strait, 1997;2004 & Dembo, 2015. Descriptions from Dembo, 2015"
335,Cusp 7 on mandibular M1,Molar,Dental,Discrete,Ordered,,,UBERON:0003655,The development of cusp 7 on mandibular M1,3,Absent (0); Faint (1); Small (2),,"Traits from Strait, 1997;2004 & Dembo, 2015. Descriptions from Dembo, 2015"
336,Root number on mandibular M1,Molar,Dental,Discrete,Unordered,,,UBERON:0003655,The number of roots on mandibular M2.,1,Two (0),,"Traits from Strait, 1997;2004 & Dembo, 2015. Descriptions from Dembo, 2015"
337,Presence of mid-trigonid crest in mandibular M1 and/or M2,Molar,Dental,Discrete,Unordered,,,UBERON:0003655,The presence of mid trigonid crest on mandibular M1 and M2.,2,Absent (0); Present (1),,"Traits from Strait, 1997;2004 & Dembo, 2015. Descriptions from Dembo, 2015"
338,Absence of cusp 5 in mandibular M1 and/or M2,Molar,Dental,Discrete,Unordered,,,UBERON:0003655,The presence of cusp 5 on mandibular M1 and M2.,2,Present (0); Absent (1),,"Traits from Strait, 1997;2004 & Dembo, 2015. Descriptions from Dembo, 2015"
339,Maxillary M2 shape,Molar,Dental,Discrete,Unordered,,,UBERON:0003655,The shape of the maxillary M2 measured by the length divided by breadth of the molar crown.,3,Broader than Long (0); Square (1),,"Traits from Strait, 1997;2004 & Dembo, 2015. Descriptions from Dembo, 2015"
340,Hypocone on maxillary M2,Molar,Dental,Discrete,Ordered,,,UBERON:0003655,The development of hypocone on maxillary M2.,3,Small cusp (0); Large cusp (1); Very large cusp (2),,"Traits from Strait, 1997;2004 & Dembo, 2015. Descriptions from Dembo, 2015"
341,Groove pattern on mandibular M2,Molar,Dental,Discrete,Unordered,,,UBERON:0003655,The groove pattern of mandibular M2.,3,Y (0); Some X (1); X (2),,"Traits from Strait, 1997;2004 & Dembo, 2015. Descriptions from Dembo, 2015"
342,Cusp number on mandibular M2,Molar,Dental,Discrete,Ordered,,,UBERON:0003655,The number of cusps on mandibular M2.,4,Four (0); Five (1); Six (2); Greater than 6 (3),,"Traits from Strait, 1997;2004 & Dembo, 2015. Descriptions from Dembo, 2015"
343,Root number on mandibular M2,Molar,Dental,Discrete,Unordered,,,UBERON:0003655,The number of roots on mandibular M2.,2,Less than 2 (0); Two (1),,"Traits from Strait, 1997;2004 & Dembo, 2015. Descriptions from Dembo, 2015"
344,Maxillary M3 agenesis,Molar,Dental,Discrete,Unordered,,,UBERON:0003655,The degree of maxillary M3 agenesis.,2,Absent (0); Minimal (1),,"Traits from Strait, 1997;2004 & Dembo, 2015. Descriptions from Dembo, 2015"
345,Torsomolar angle on mandibular M3,Molar,Dental,Discrete,Unordered,,,UBERON:0003655,The torsomolar angle on mandibular M3.,2,Absent (0); Minimal (1),,"Traits from Strait, 1997;2004 & Dembo, 2015. Descriptions from Dembo, 2015"
346,Protocone size relative to paracone of deciduous m1,Premolar,Dental,Discrete,Unordered,,,UBERON:0007120,The protocone size of maxillary deciduous m1 in crown view.,2,Larger than paracone (0); Smaller than paracone (1),,"Traits from Strait, 1997;2004 & Dembo, 2015. Descriptions from Dembo, 2015"
347,Deciduous mandibular m1 shape,Molar,Dental,Discrete,Unordered,,,UBERON:0003655,The shape of deciduous mandibular m1.,3,Buccolingually narrow (0); Buccolingually broad (1); Molarized (2),,"Traits from Strait, 1997;2004 & Dembo, 2015. Descriptions from Dembo, 2015"
348,Talonid basin of deciduous m1,Premolar,Dental,Discrete,Unordered,,,UBERON:0007120,The distal opening of the talonid basin on mandibular deciduous m1.,2,Open distally (0); Closed distally (1),,"Traits from Strait, 1997;2004 & Dembo, 2015. Descriptions from Dembo, 2015"
349,Presence of metaconid of mandibular deciduous m1,Premolar,Dental,Discrete,Unordered,,,UBERON:0007120,The presence of the metaconid on mandibular deciduous m1.,2,Absent or poorly defined (0); Well defined (1),,"Traits from Strait, 1997;2004 & Dembo, 2015. Descriptions from Dembo, 2015"
350,Distal trigonid crest on mandibular deciduous m2,Premolar,Dental,Discrete,Unordered,,,UBERON:0007120,The length of crista obliqua relative to protoconid apex.,2,Does not reach protoconid apex (0); Reaches protoconid apex (1),,"Traits from Strait, 1997;2004 & Dembo, 2015. Descriptions from Dembo, 2015"
351,Crista obliqua of maxillary deciduous m2,Premolar,Dental,Discrete,Ordered,,,UBERON:0007120,The development of the post-protocrista on maxillary deciduous m2.,3,Weak (0); Moderate (1); Strong (2),,"Traits from Strait, 1997;2004 & Dembo, 2015. Descriptions from Dembo, 2015"
352,Mandibular symphysis robusticity,Mandible,Cranial,Continuous,Ordered,,,UBERON:0001684,The index of mandibular symphysis breadth divided by mandibular height.,4,Gracile (0); Intermediate (1); Robust (2); Extremely robust (3),,"Traits from Strait, 1997;2004 & Dembo, 2015. Descriptions from Dembo, 2015"
353,Mandibular symphysis orientation,Mandible,Cranial,Discrete,Unordered,,,UBERON:0001684,The orientation of the mandibular symphysis.,2,Receding (0); Vertical (1),,"Traits from Strait, 1997;2004 & Dembo, 2015. Descriptions from Dembo, 2015"
354,Projection of mental protruberance,Mandible,Cranial,Discrete,Ordered,,,UBERON:0001684,The degree of mental protuberance projection.,3,Absent (0); Weakly projecting (1); Strongly projecting (2),,"Traits from Strait, 1997;2004 & Dembo, 2015. Descriptions from Dembo, 2015"
355,Central keel,Mandible,Cranial,Discrete,Unordered,,,UBERON:0001684,The presence of a central keel.,2,Absent (0); Present (1),,"Traits from Strait, 1997;2004 & Dembo, 2015. Descriptions from Dembo, 2015"
356,Mandibular incurvation,Mandible,Cranial,Discrete,Ordered,,,UBERON:0001684,The development of a depression on the anterosuperior symphyseal region in norma lateralis,3,Absent (0); Weakly developed (1); Strongly developed (2),,"Traits from Strait, 1997;2004 & Dembo, 2015. Descriptions from Dembo, 2015"
357,Incisura submentalis,Mandible,Cranial,Discrete,Unordered,,,UBERON:0001684,The presence of semilunar space beneath the inferior rim of the symphysis,2,Absent (0); Present (1),,"Traits from Strait, 1997;2004 & Dembo, 2015. Descriptions from Dembo, 2015"
358,Medial crest in digastric fossa,Mandible,Cranial,Discrete,Unordered,,,UBERON:0001684,The presence of a medial crest in digastric fossa.,2,Absent (0); Present (1),,"Traits from Strait, 1997;2004 & Dembo, 2015. Descriptions from Dembo, 2015"
359,Digastric fossa direction,Mandible,Cranial,Discrete,Ordered,,,UBERON:0001684,The orientation of digastric fossa.,3,Downward (0); Downward-backward (1); Backward (2),,"Traits from Strait, 1997;2004 & Dembo, 2015. Descriptions from Dembo, 2015"
360,Lateral tubercle,Mandible,Cranial,Discrete,Unordered,,,UBERON:0001684,The presence of a lateral tubercle.,2,Absent (0); Present (1),,"Traits from Strait, 1997;2004 & Dembo, 2015. Descriptions from Dembo, 2015"
361,Inferior transverse torus development,Mandible,Cranial,Discrete,Unordered,,,UBERON:0001684,The development of superior and inferior transverse tori.,4,Inferior torus stronger than superior torus (0); Both tori of similar development (1); Superior torus stronger than inferior torus (2); Both tori undeveloped (3),,"Traits from Strait, 1997;2004 & Dembo, 2015. Descriptions from Dembo, 2015"
362,Post-incisive planum development,Mandible,Cranial,Discrete,Unordered,,,UBERON:0001684,The development of post-incisive planum.,2,Prominent (0); Weak (1),,"Traits from Strait, 1997;2004 & Dembo, 2015. Descriptions from Dembo, 2015"
363,Position of genioglossus insertion,Mandible,Cranial,Discrete,Unordered,,,UBERON:0001684,The location of the insertion of genioglossal muscle relative to the inferior transverse torus.,2,Above inferior transverse torus (0); On inferior transverse torus (1),,"Traits from Strait, 1997;2004 & Dembo, 2015. Descriptions from Dembo, 2015"
364,Position of geniohyoideus insertion,Mandible,Cranial,Discrete,Ordered,,,UBERON:0001684,The location of the geniohyoideus insertion relative to the inferior transverse torus.,3,Basally on inferior transverse torus (0); Higher on inferior transverse torus (1); Above inferior transverse torus (2),,"Traits from Strait, 1997;2004 & Dembo, 2015. Descriptions from Dembo, 2015"
365,Position of digastric insertion,Mandible,Cranial,Discrete,Unordered,,,UBERON:0001684,The location of the digastric muscle insertion relative to the inferior transverse torus.,3,Posterior to inferior transverse torus (0); Inferior transverse torus (1); Not on symphysis (2),,"Traits from Strait, 1997;2004 & Dembo, 2015. Descriptions from Dembo, 2015"
366,Fossae genioglossus definition,Mandible,Cranial,Discrete,Ordered,,,UBERON:0001684,The development of the excavated area delineated by the transverse tori.,3,"Not defined, flat surface (0); Weak (1); Well defined (2)",,"Traits from Strait, 1997;2004 & Dembo, 2015. Descriptions from Dembo, 2015"
367,Submandibular fossa depth,Mandible,Cranial,Discrete,Unordered,,,UBERON:0001684,The depth of submandibular fossa located beneath the alveolar region.,2,Shallow (0); Deep (1),,"Traits from Strait, 1997;2004 & Dembo, 2015. Descriptions from Dembo, 2015"
368,Anterior marginal tubercle position,Mandible,Cranial,Discrete,Unordered,,,UBERON:0001684,The position of the marginal tubercle.,2,Absent (0); Present (1),,"Traits from Strait, 1997;2004 & Dembo, 2015. Descriptions from Dembo, 2015"
369,Mental foramen opening direction,Mandible,Cranial,Discrete,Ordered,,,UBERON:0001684,The direction of the mental foramen opening.,3,Anterior (0); Lateral (1); Posterior (2),,"Traits from Strait, 1997;2004 & Dembo, 2015. Descriptions from Dembo, 2015"
370,Mental foramen position,Mandible,Cranial,Discrete,Ordered,,,UBERON:0001684,The position of the mental foramen along tooth row.,3,P3-P4 (0); P4-M1 (1); M1 (2),,"Traits from Strait, 1997;2004 & Dembo, 2015. Descriptions from Dembo, 2015"
371,Mental foramen height,Mandible,Cranial,Continuous,Ordered,,,UBERON:0001684,The index of the height of mental foramen position relative to the height of the mandibular corpus.,4,Very low (0); Low (1); Intermediate (2); High (3),,"Traits from Strait, 1997;2004 & Dembo, 2015. Descriptions from Dembo, 2015"
372,Mental foramen number,Mandible,Cranial,Discrete,Unordered,,,UBERON:0001684,The number of mental foramen.,2,Single (0); Multiple (1),,"Traits from Strait, 1997;2004 & Dembo, 2015. Descriptions from Dembo, 2015"
373,Torus marginalis superius development,Mandible,Cranial,Discrete,Unordered,,,UBERON:0001684,The development of the superior marginal torus.,2,Weak/absent (0); Clearly visible (1),,"Traits from Strait, 1997;2004 & Dembo, 2015. Descriptions from Dembo, 2015"
374,Torus marginalis inferius development,Mandible,Cranial,Discrete,Unordered,,,UBERON:0001684,The development of the inferior marginal torus.,2,Weak/absent (0); Clearly visible (1),,"Traits from Strait, 1997;2004 & Dembo, 2015. Descriptions from Dembo, 2015"
375,Horizontal distance between TMJ and M2 or M3,Mandible,Cranial,Continuous,Unordered,,,UBERON:0001684,The ratio of the distance between the TMJ and M2/M3 relative to bi-foramen ovale breadth. (Short<58; Long>58),1,Long (0); Short (1),,"Traits from Strait, 1997;2004 & Dembo, 2015. Descriptions from Dembo, 2015"
376,Mandibular extramolar sulcus width,Mandible,Cranial,Continuous,Unordered,,,UBERON:0001684,The width of the extramolar sulcus. (Narrow<6.5mm; Broad>6.5mm).,2,Broad (0); Narrow (1),,"Traits from Strait, 1997;2004 & Dembo, 2015. Descriptions from Dembo, 2015"
377,Retromolar space,Mandible,Cranial,Discrete,Unordered,,,UBERON:0001684,The presence of retromolar space.,2,Absent (0); Present (1),,"Traits from Strait, 1997;2004 & Dembo, 2015. Descriptions from Dembo, 2015"
378,Retromolar area inclination,Mandible,Cranial,Discrete,Ordered,,,UBERON:0001684,The orientation of the retromolar area.,3,Horizontal (0); Inclined (1); Vertical (2),,"Traits from Strait, 1997;2004 & Dembo, 2015. Descriptions from Dembo, 2015"
379,Orientation of mandibular premolar row,Mandible,Cranial,Continuous,Unordered,,,UBERON:0001684,The orientation of the dental arcade measured as the ratio between the internal bialveolar margin distances at mandibular canine and M2 positions.,2,U shaped (0); Parabolic (1),,"Traits from Strait, 1997;2004 & Dembo, 2015. Descriptions from Dembo, 2015"
380,Inferior alveolar margin orientation,Mandible,Cranial,Discrete,Unordered,,,UBERON:0001684,The orientation of the inferior alveolar margin.,3,Steep (0); Slowly inclined (1); Parallel (2),,"Traits from Strait, 1997;2004 & Dembo, 2015. Descriptions from Dembo, 2015"
381,Sulcus intertoralis development,Mandible,Cranial,Discrete,Ordered,,,UBERON:0001684,The development of intertoral sulcus.,3,Flatsurface (0); Weak (1); Well defined (2),,"Traits from Strait, 1997;2004 & Dembo, 2015. Descriptions from Dembo, 2015"
382,Prominentia lateralis relief,Mandible,Cranial,Discrete,Ordered,,,UBERON:0001684,The development of lateral prominence.,3,Flatsurface (0); Weak (1); Strong (2),,"Traits from Strait, 1997;2004 & Dembo, 2015. Descriptions from Dembo, 2015"
383,Prominentia lateralis position,Mandible,Cranial,Discrete,Ordered,,,UBERON:0001684,The position of lateral prominence along tooth row.,3,M1-M2 (0); M2-M3 (1); M3 (2),,"Traits from Strait, 1997;2004 & Dembo, 2015. Descriptions from Dembo, 2015"
384,Ramus length,Mandible,Cranial,Discrete,Unordered,,,UBERON:0001684,The length of mandibular ramus.,2,Narrow (0); Large (1),,"Traits from Strait, 1997;2004 & Dembo, 2015. Descriptions from Dembo, 2015"
385,Ramus root anterior position,Mandible,Cranial,Discrete,Ordered,,,UBERON:0001684,The position of the origin of the ascending ramus relative to the anteroposterior axis of the mandibular corpus. Anterior origin is where the ramus rises at the M1 level.,3,Posterior (0); Intermediate (1); Anterior (2),,"Traits from Strait, 1997;2004 & Dembo, 2015. Descriptions from Dembo, 2015"
386,Ramus root vertical position,Mandible,Cranial,Discrete,Ordered,,,UBERON:0001684,The position of the origin of the ascending ramus relative to the mandibular corpus height.,3,High (0); Intermediate (1); Low (2),,"Traits from Strait, 1997;2004 & Dembo, 2015. Descriptions from Dembo, 2015"
387,Internal coronoid pillar orientation,Mandible,Cranial,Discrete,Unordered,,,UBERON:0001684,The orientation of the ridge that extends inferiorly from the coronoid tip.,3,Vertical (0); Concave (1); Oblique (2),,"Traits from Strait, 1997;2004 & Dembo, 2015. Descriptions from Dembo, 2015"
388,Crista ectocondyloidea development on the lateral face of the ramus.,Mandible,Cranial,Discrete,Unordered,,,UBERON:0001684,"The development of crista ectocondyloidea, a ridge that extends inferiorly from the condyle tip on the lateral face of the ramus.",2,Weak/absent (0); Clearly defined (1),,"Traits from Strait, 1997;2004 & Dembo, 2015. Descriptions from Dembo, 2015"
389,Crista endocondyloidea relief on the medial face of the ramus,Mandible,Cranial,Discrete,Unordered,,,UBERON:0001684,"The development of crista endocondyloidea, a ridge that extends inferiorly from the condyle tip on the medial face of the ramus.",2,Weak/absent (0); Clearly defined (1),,"Traits from Strait, 1997;2004 & Dembo, 2015. Descriptions from Dembo, 2015"
390,Crista endocondyloidea orientation,Mandible,Cranial,Discrete,Unordered,,,UBERON:0001684,The orientation of crista endocondyloidea on the medial face of the ramus.,2,Oblique (0); Diagonal (1),,"Traits from Strait, 1997;2004 & Dembo, 2015. Descriptions from Dembo, 2015"
391,Position of the junction between the mandibular notch and the condyle articular surface,Mandible,Cranial,Discrete,Unordered,,,UBERON:0001684,The position of the condyle articular surface relative to the mandibular notch.,2,Lateral (0); Medial (1),,"Traits from Strait, 1997;2004 & Dembo, 2015. Descriptions from Dembo, 2015"
392,Position of the deepest point of the mandibular notch,Mandible,Cranial,Discrete,Unordered,,,UBERON:0001684,The position of the deepest point of the mandibular notch.,2,Centered (0); Condylar (1),,"Traits from Strait, 1997;2004 & Dembo, 2015. Descriptions from Dembo, 2015"
393,Crest of the mandibular notch,Mandible,Cranial,Discrete,Ordered,,,UBERON:0001684,The position of the crest on the mandibular notch,4,Lateral edge of condyle (0); Less lateral (1); Less than a third of distance from medial end (2); Medial end (3),,"Traits from Strait, 1997;2004 & Dembo, 2015. Descriptions from Dembo, 2015"
394,Planum triangulare size,Mandible,Cranial,Discrete,Ordered,,,UBERON:0001684,The development of planum triangulare defined by the internal coronoid pillar and the crista endocondyloidea,3,Weakly developed (0); Intermediate (1); Strongly developed (2),,"Traits from Strait, 1997;2004 & Dembo, 2015. Descriptions from Dembo, 2015"
395,Planum triangulare depth,Mandible,Cranial,Discrete,Ordered,,,UBERON:0001684,The depth of planum triangulare.,3,Flat (0); Shallow (1); Deep (2),,"Traits from Strait, 1997;2004 & Dembo, 2015. Descriptions from Dembo, 2015"
396,Condyle height relative to the coronoid,Mandible,Cranial,Discrete,Ordered,,,UBERON:0001684,The height of mandibular condyle relative to the coronoid.,3,Lower (0); Equal (1); Higher (2),,"Traits from Strait, 1997;2004 & Dembo, 2015. Descriptions from Dembo, 2015"
397,Lateral condylar tubercle development,Mandible,Cranial,Discrete,Ordered,,,UBERON:0001684,The development of lateral condylar tubercle.,4,No tubercle (0); Swelling under lateral lip (1); Laterally projected tubercle (2); Strongly projected tubercle (3),,"Traits from Strait, 1997;2004 & Dembo, 2015. Descriptions from Dembo, 2015"
398,Fossa subcondylea depth,Mandible,Cranial,Discrete,Ordered,,,UBERON:0001684,The depth of subcondylar fossa.,3,Flat (0); Shallow (1); Deep (2),,"Traits from Strait, 1997;2004 & Dembo, 2015. Descriptions from Dembo, 2015"
399,Fossa subcondylea development,Mandible,Cranial,Discrete,Ordered,,,UBERON:0001684,The development of subcondylar fossa.,3,Weakly developed (0); Intermediate (1); Strongly developed (2),,"Traits from Strait, 1997;2004 & Dembo, 2015. Descriptions from Dembo, 2015"
400,Mandibular foramen shape,Mandible,Cranial,Discrete,Unordered,,,UBERON:0001684,The shape of the mandibular canal opening.,2,Oval (0); Circular (1),,"Traits from Strait, 1997;2004 & Dembo, 2015. Descriptions from Dembo, 2015"
401,Lingula mandibulae,Mandible,Cranial,Discrete,Unordered,,,UBERON:0001684,"The presence of lingula mandibulae, a projection of the edge of the mandibular foramen.",2,Absent (0); Present (1),,"Traits from Strait, 1997;2004 & Dembo, 2015. Descriptions from Dembo, 2015"
402,Mylohyoid line orientation,Mandible,Cranial,Discrete,Unordered,,,UBERON:0001684,The orientation of the mylohyoid line that crosses the medial corpus surface.,3,Parallel (0); Inclined (1); Diagonal (2),,"Traits from Strait, 1997;2004 & Dembo, 2015. Descriptions from Dembo, 2015"
403,Mylohyoid line position,Mandible,Cranial,Discrete,Ordered,,,UBERON:0001684,The position of mylohyoid line at M3,3,Low (0); Intermediate (1); High (2),,"Traits from Strait, 1997;2004 & Dembo, 2015. Descriptions from Dembo, 2015"
404,Mylohyoid groove orientation,Mandible,Cranial,Discrete,Unordered,,,UBERON:0001684,The orientation of the mylohyoid groove on the medial surface of the ramus.,2,Inclined (0); Diagonal (1),,"Traits from Strait, 1997;2004 & Dembo, 2015. Descriptions from Dembo, 2015"
405,Bony bridge in mylohyoid groove,Mandible,Cranial,Discrete,Unordered,,,UBERON:0001684,The presence of a body bridge in mylohyoid groove.,2,Absent (0); Present (1),,"Traits from Strait, 1997;2004 & Dembo, 2015. Descriptions from Dembo, 2015"
406,Fossa masseterica depth,Mandible,Cranial,Discrete,Ordered,,,UBERON:0001684,The depth of masseteric fossa on the lateral surface of the gonial angle.,3,Flat (0); Shallow (1); Deep (2),,"Traits from Strait, 1997;2004 & Dembo, 2015. Descriptions from Dembo, 2015"
407,Gonial profile,Mandible,Cranial,Discrete,Unordered,,,UBERON:0001684,The profile of the posteroinferior corner of the mandible in norma lateralis.,2,Not truncated (0); Truncated (1),,"Traits from Strait, 1997;2004 & Dembo, 2015. Descriptions from Dembo, 2015"
408,Pterygoid fossa depth,Mandible,Cranial,Discrete,Unordered,,,UBERON:0001684,The depth of pterygoid fossa.,2,Shallow (0); Deep (1),,"Traits from Strait, 1997;2004 & Dembo, 2015. Descriptions from Dembo, 2015"
409,Canine size increase ,Canine,Dental,Continuous,,Taxonomic,Diagnostic,,upper and lower canines are larger relative to postcanine teeth (distinction from other hominins) ,,,,White et al. 1994 
410,"dM1 cusp size, shape, and location",Molar,Dental,Continuous,,Taxonomic,Diagnostic,UBERON:0003655,"narrow and obliquely elongated, with a large protoconid and small, distally place metaconid (distinction from other hominins) ",,,,White et al. 1994 
411,Temporomandibular joint ,Mandible,Cranial,Discrete,,Taxonomic,Diagnostic,UBERON:0001684,lacks a definable articular eminence (distinction from other hominins) ,,,,White et al. 1994 
412,P3 symmetry ,Premolar,Dental,Continuous,,Taxonomic,Diagnostic,UBERON:0007120,"both upper and lower third premolars are more strongly asymmetrical, featuring a dominant, tall buccal cusp (distinction from other hominins) ",,,,White et al. 1994 
413,Mandibular diastema,Mandible,Cranial,Discrete,Unordered,Taxonomic,Diagnostic,UBERON:0001684,Presence or absence of lower diastema betwee C/P1,2,Absent (0); Present (1) ,,Dart 1925
414,Cranial vault orientation,,,,,,,,Transversely expanded with vertically oriented parietal walls ,,,,
415,Canine to postcanine ratio,Dentition,Dental,Continuous,Ordered,Phylogenetics,,UBERON:0003672,,3,Small (0); Moderate (1); Large (2),,"Asfaw et al. 1999 *table 1 states ""Listed are characters widely used in consideration of hominid phylogenetics*"
416,Postcanine absolute size,Dentition,Dental,Discrete,Unordered,Phylogenetics,,UBERON:0003672,,,,,"Asfaw et al. 1999 *table 1 states ""Listed are characters widely used in consideration of hominid phylogenetics*"
417,Upper P3 occlusal outline,Dentition,Dental,Discrete,Unordered,Phylogenetics,,UBERON:0003672,,,,,"Asfaw et al. 1999 *table 1 states ""Listed are characters widely used in consideration of hominid phylogenetics*"
418,Postcanine PM/M cusp wear ,Dentition,Dental,Discrete,Unordered,Phylogenetics,,UBERON:0003672,,,,,"Asfaw et al. 1999 *table 1 states ""Listed are characters widely used in consideration of hominid phylogenetics*"
419,Maxillary dental arcade shape,Maxilla,Dental,Discrete,Unordered,Phylogenetics,,UBERON:0002397,,,,,"Asfaw et al. 1999 *table 1 states ""Listed are characters widely used in consideration of hominid phylogenetics*"
420,Posterior dental arcade,Maxilla,Dental,Discrete,Unordered,Phylogenetics,,UBERON:0002397,,,,,"Asfaw et al. 1999 *table 1 states ""Listed are characters widely used in consideration of hominid phylogenetics*"
421,Inferolateral nasal aperture margin,Nasal,Craniofacial,Discrete,Unordered,Phylogenetics,,UBERON:0001681,,,,,"Asfaw et al. 1999 *table 1 states ""Listed are characters widely used in consideration of hominid phylogenetics*"
422,Upper I2 root lateral to nasal aperature,Incisor,Dental,Discrete,Unordered,Phylogenetics,,UBERON:0001098,,,,,"Asfaw et al. 1999 *table 1 states ""Listed are characters widely used in consideration of hominid phylogenetics*"
423,Maxillary fossula,Maxilla,Craniofacial,Discrete,Unordered,Phylogenetics,,UBERON:0002397,,,,,"Asfaw et al. 1999 *table 1 states ""Listed are characters widely used in consideration of hominid phylogenetics*"
424,Subnasal to instranasal contours,Nasal,Craniofacial,Discrete,Unordered,Phylogenetics,Non-Diagnostic,UBERON:0001681,,3,Discrete (); Variable (); Continuous (),,"Asfaw et al. 1999 *table 1 states ""Listed are characters widely used in consideration of hominid phylogenetics*"
425,Separation of vomeral/Anterior septal insertion,Nasal,Craniofacial,Discrete,Unordered,Phylogenetics,Non-Diagnostic,UBERON:0001681,,3,Weak (); Usually Strong (); Strong (),,"Asfaw et al. 1999 *table 1 states ""Listed are characters widely used in consideration of hominid phylogenetics*"
426,Facial dishing,Nasal,Craniofacial,Discrete,Unordered,Phylogenetics,Non-Diagnostic,UBERON:0001681,,2,Absent (); Dished (),,"Asfaw et al. 1999 *table 1 states ""Listed are characters widely used in consideration of hominid phylogenetics*"
427,Relative size of posterior temporalis,Temporal,Cranial,Discrete,Unordered,Phylogenetics,Non-Diagnostic,UBERON:0001678,,3,Small (); Intermediate (); Large (),,"Asfaw et al. 1999 *table 1 states ""Listed are characters widely used in consideration of hominid phylogenetics*"
428,Lateral infraorbital margin blunt and protruding,Face,Craniofacial,Discrete,Unordered,Phylogenetics,Non-Diagnostic,UBERON:0001456,,2,No (0); Yes (1),,Berger et al. 2010
429,Convexity/concavity of infraorbital region,Orbit,Craniofacial,Discrete,Unordered,Phylogenetics,Non-Diagnostic,UBERON:0001697,,2,Convex (0); Concave (1),,Berger et al. 2010
430,Infraorbital foramen height,Orbit,Craniofacial,Discrete,Unordered,Phylogenetics,Non-Diagnostic,UBERON:0001697,,3,Low (0); Variable (1); High (2),,Berger et al. 2010